1,병용금기,단일,D000762,,단일,D000027,,횡문근융해증
2,병용금기,단일,D000762,,단일,D000592,,triazolam 의 약리학적 효과 및 작용(수면유도 및 진정작용 등의 중추신경 억제 효과) 증가
3,병용금기,단일,D000353,,단일,D000139,,"세로토닌성 증후군(고혈압, 고열, 간대성 근경련, 정신상태 변화 등)"
4,병용금기,단일,D000139,,단일,D000336,,"세로토닌성 증후군 (고열, 간대성근경련, 정신상태 변화등)"
5,병용금기,단일,D000660,,단일,D000762,,"alprazolam의 혈장농도 증가, 수면 및 진정작용 증강 및 연장"
6,병용금기,단일,D000455,,단일,D000769,,근육병증
7,병용금기,복합,D000747,D001266,단일,D000650,,혈압상승 및 맥각독성(말초혈관수축증가) 위험
8,병용금기,단일,D000202,,단일,D000628,,"맥각독성(혈관경련, 말단 및 기타조직 허혈)위험증가"
9,병용금기,단일,D000762,,단일,D000419,,횡문근융해증
10,병용금기,단일,D000769,,단일,D000419,,횡문근융해증을 비롯한 근육질환 등 중증 이상반응
11,병용금기,단일,D000019,,단일,D000716,,간 독성
12,병용금기,단일,D000660,,단일,D000769,,"alprazolam의 혈장농도 증가, 수면 및 진정작용 증강 및 연장"
13,병용금기,단일,D000540,,단일,D000139,,혈압상승
14,병용금기,단일,D000373,,단일,D000719,,심실부정맥(Torsade de pointes)
15,병용금기,단일,D000202,,단일,D000650,,"혈압 상승 및 에르고티즘(말초혈관수축 증가, 경련, 사지허혈) 위험 증가"
16,병용금기,단일,D000503,,단일,D000758,,두개내 고혈압
17,병용금기,단일,D000255,,단일,D000413,,"피리독신은 신경독성을 현저하게 감소시켰으나 반응기간에는 역효과, 알트레타민의 치료효과 감소"
18,병용금기,단일,D000256,,단일,D000719,,QT연장 등
19,병용금기,단일,D000758,,단일,D000127,,테트라사이클린 가성뇌종양 보고
20,병용금기,단일,D000758,,단일,D000064,,테트라사이클린 가성뇌종양 보고
21,병용금기,단일,D000758,,단일,D000754,,테트라사이클린 가성뇌종양 보고
22,병용금기,복합,D000426,D000338,단일,D000719,,심실부정맥(Torsade de pointes)
23,병용금기,단일,D000323,,단일,D000139,,"구역, 구토, 안면홍조, 어지러움, 진전, 산동, 강직, 발한, 고온증, 심장지표의 빠른 변화, 자율신경계의 불안정, 정신상태의 변화"
24,병용금기,단일,D000719,,단일,D000628,,"말초혈관경련, 사지허혈, 감각이상등"
25,병용금기,단일,D000259,,단일,D000022,,심실부정맥(Torsade de pointes) 위험 증가
26,병용금기,단일,D000259,,단일,D000256,,심실부정맥(Torsade de pointes) 위험 증가
27,병용금기,단일,D000259,,단일,D000513,,심실부정맥(Torsade de pointes) 위험 증가
28,병용금기,단일,D000452,,단일,D000716,,혈액학적 독성
29,병용금기,단일,D000373,,단일,D000213,,"pimozide의 혈중농도 상승, QT연장"
30,병용금기,단일,D000256,,단일,D000213,,QT연장 등
31,병용금기,단일,D000256,,단일,D000770,,병용을 하여도 항균작용이 증가되지 않음
32,병용금기,단일,D000256,,단일,D000678,,병용을 하여도 항균작용이 증가되지 않음
33,병용금기,단일,D000256,,단일,D000713,,병용을 하여도 항균작용이 증가되지 않음
34,병용금기,단일,D000517,,단일,D000592,,triazolam 의 약리학적 효과 및 작용증가
35,병용금기,단일,D000113,,단일,D000560,,혈압강하효과
36,병용금기,단일,D000363,,단일,D000716,,혈액학적 독성
37,병용금기,단일,D000762,,단일,D000007,,midazolam 의 약리학적 효과 및 작용(수면유도 및 진정작용 등의 중추신경 억제 효과) 증가
38,병용금기,단일,D000762,,단일,D000213,,QT 간격 연장 및 심실부정맥(Torsade de pointes) 위험 증가
39,병용금기,단일,D000769,,단일,D000007,,midazolam 의 약리학적 효과 및 작용증가
40,병용금기,단일,D000769,,단일,D000592,,triazolam 의 약리학적 효과 및 작용증가
41,병용금기,단일,D000429,,단일,D000139,,심각한 혈압저하 위험 증가
42,병용금기,단일,D000414,,단일,D000256,,심실성빈맥(Torsade de pointes)
43,병용금기,단일,D000429,,단일,D000650,,수마트립탄의 혈장농도 증가
44,병용금기,단일,D000781,,단일,D000560,,혈압강하효과
45,병용금기,단일,D000139,,단일,D000516,,"세로토닌성 증후군 (고혈압, 고열, 경련, 정신상태 변화등)"
46,병용금기,단일,D000027,,단일,D000769,,"근병증, 횡문근융해의 위험증가"
47,병용금기,단일,D000027,,단일,D000256,,"근병증, 횡문근융해의 위험증가"
48,병용금기,단일,D000027,,단일,D000373,,"근병증, 횡문근융해의 위험증가"
49,병용금기,단일,D000060,,단일,D000716,,혈액학적 독성
50,병용금기,단일,D000592,,단일,D000256,,triazolam 의 약리학적 효과 및 작용증가
51,병용금기,단일,D000249,,단일,D000065,,신결석
52,병용금기,단일,D000274,,단일,D000739,,중증의 위장관계 이상반응
53,병용금기,단일,D000274,,단일,D000138,,중증의 위장관계 이상반응
54,병용금기,단일,D000274,,단일,D000086,,중증의 위장관계 이상반응
55,병용금기,단일,D000274,,단일,D000463,,중증의 위장관계 이상반응
56,병용금기,단일,D000455,,단일,D000762,,근육병증
57,병용금기,단일,D000274,,단일,D000506,,중증의 위장관계 이상반응
58,병용금기,단일,D000274,,단일,D000071,,중증의 위장관계 이상반응
59,병용금기,단일,D000274,,단일,D000705,,중증의 위장관계 이상반응
60,병용금기,단일,D000274,,단일,D000230,,중증의 위장관계 이상반응
61,병용금기,단일,D000274,,단일,D000427,,중증의 위장관계 이상반응
62,병용금기,단일,D000274,,단일,D000081,,중증의 위장관계 이상반응
63,병용금기,단일,D000274,,단일,D000060,,중증의 위장관계 이상반응
64,병용금기,단일,D000429,,단일,D000448,,교감신경흥분제의 작용 증강 또는 연장
65,병용금기,단일,D000213,,단일,D000362,,QT연장
66,병용금기,단일,D000213,,단일,D000466,,QT연장
67,병용금기,단일,D000027,,단일,D000763,,횡문근융해증을 비롯한 근육질환 등 중증 이상반응
68,병용금기,단일,D000027,,복합,D000626,D000712,횡문근융해증을 비롯한 근육질환 등 중증 이상반응
69,병용금기,단일,D000027,,단일,D000003,,횡문근융해증을 비롯한 근육질환 등 중증 이상반응
70,병용금기,단일,D000027,,단일,D000712,,횡문근융해증을 비롯한 근육질환 등 중증 이상반응
71,병용금기,단일,D000031,,단일,D000298,,중증의 위장관계 이상반응
72,병용금기,단일,D000017,,단일,D000006,,"진통효과 감소, 금단증상 위험"
73,병용금기,단일,D000298,,단일,D000575,,중증의 위장관계 이상반응
74,병용금기,단일,D000672,,단일,D000142,,경련
75,병용금기,단일,D000274,,단일,D000702,,출혈 및 프로트롬빈시간 연장
76,병용금기,단일,D000211,,단일,D000298,,중증의 위장관계 이상반응
77,병용금기,단일,D000650,,단일,D000277,,세로토닌 증후군
78,병용금기,단일,D000650,,단일,D000747,,상가적인 혈관경련
79,병용금기,단일,D000650,,단일,D000059,,세로토닌 증후군
80,병용금기,단일,D000019,,단일,D000503,,두개내압 증가
81,병용금기,단일,D000019,,단일,D000127,,두개내압 증가
82,병용금기,단일,D000019,,단일,D000754,,두개내압 증가
83,병용금기,단일,D000019,,단일,D000064,,두개내압 증가
84,병용금기,단일,D000259,,단일,D000712,,"부정맥, 혈액장애, 발작 등 중대한 이상반응"
85,병용금기,단일,D000259,,단일,D000429,,"근독성, 간질, 세로토닌성 증후군(고혈압, 고열, 간대성 근경련, 정신상태 변화 등)"
86,병용금기,단일,D000248,,단일,D000139,,"세로토닌성 증후군(고혈압, 고열, 간대성 근경련, 정신상태 변화 등)"
87,병용금기,단일,D000657,,단일,D000429,,"교감신경흥분제의 작용 증강 또는 연장(고혈압, 빈맥 등)"
88,병용금기,단일,D000657,,단일,D000139,,"교감신경흥분제의 작용 증강 또는 연장(고혈압, 빈맥 등)"
89,병용금기,단일,D000150,,단일,D000202,,"맥각독성(말초혈관 경련, 사지와 기타 조직의 허혈, 감각이상 등) 위험 증가"
90,병용금기,단일,D000150,,단일,D000747,,"맥각독성(말초혈관 경련, 사지와 기타 조직의 허혈, 감각이상 등) 위험 증가"
91,병용금기,단일,D000150,,단일,D000419,,횡문근융해증을 비롯한 근육질환 등 중증 이상반응
92,병용금기,단일,D000150,,단일,D000228,,"맥각독성(말초혈관 경련, 사지와 기타 조직의 허혈, 감각이상 등) 위험 증가"
93,병용금기,단일,D000150,,단일,D000213,,"QT 연장, 심실성 빈맥, 심실세동 및 torsades de pointes 등 심독성위험 증가"
94,병용금기,단일,D000150,,단일,D000027,,횡문근융해증을 비롯한 근육질환 등 중증 이상반응
95,병용금기,단일,D000641,,단일,D000429,,"교감신경흥분제의 작용 증강 또는 연장(고혈압, 빈맥 등)"
96,병용금기,단일,D000641,,단일,D000139,,"교감신경흥분제의 작용 증강 또는 연장(고혈압, 빈맥 등)"
97,병용금기,단일,D000476,,단일,D000429,,"고혈압, 저혈압, 발한을 동반한 심각한 중추신경계 이상반응(현기, 진전, 발작 등)"
98,병용금기,단일,D000476,,단일,D000139,,"고혈압, 저혈압, 발한을 동반한 심각한 중추신경계 이상반응(현기, 진전, 발작 등)"
99,병용금기,단일,D000476,,단일,D000443,,혈중농도가 저하되어 보리코나졸의 약물효과 감소
100,병용금기,단일,D000332,,단일,D000429,,"세로토닌성 증후군(고혈압, 고열, 간대성 근경련, 정신상태 변화 등)"
101,병용금기,단일,D000277,,단일,D000429,,"근독성, 간질, 세로토닌성 증후군(고혈압, 고열, 간대성 근경련, 정신상태 변화 등)"
102,병용금기,단일,D000202,,단일,D000558,,"맥각독성(말초혈관 경련, 사지와 기타 조직의 허혈, 감각이상 등) 위험 증가"
103,병용금기,단일,D000202,,단일,D000256,,"맥각독성(말초혈관 경련, 사지와 기타 조직의 허혈, 감각이상 등) 위험 증가"
104,병용금기,단일,D000202,,단일,D000763,,"맥각독성(말초혈관 경련, 사지와 기타 조직의 허혈, 감각이상 등) 위험 증가"
105,병용금기,단일,D000202,,단일,D000762,,"맥각독성(말초혈관 경련, 사지와 기타 조직의 허혈, 감각이상 등) 위험 증가"
106,병용금기,단일,D000202,,단일,D000003,,"맥각독성(말초혈관 경련, 사지와 기타 조직의 허혈, 감각이상 등) 위험 증가"
107,병용금기,단일,D000202,,단일,D000712,,"맥각독성(말초혈관 경련, 사지와 기타 조직의 허혈, 감각이상 등) 위험 증가"
108,병용금기,단일,D000202,,단일,D000443,,"맥각독성(말초혈관 경련, 사지와 기타 조직의 허혈, 감각이상 등) 위험 증가"
109,병용금기,단일,D000202,,단일,D000171,,"상가적인 혈관수축반응, 현저한 혈압상승"
110,병용금기,단일,D000501,,단일,D000429,,"근독성, 간질, 세로토닌성 증후군(고혈압, 고열, 간대성 근경련, 정신상태 변화 등)"
111,병용금기,단일,D000501,,단일,D000139,,"근독성, 간질, 세로토닌성 증후군(고혈압, 고열, 간대성 근경련, 정신상태 변화 등)"
112,병용금기,단일,D000558,,단일,D000007,,과도한 진정작용
113,병용금기,단일,D000558,,단일,D000443,,"현저하게 voriconazole 혈장농도 감소, efavirenz 혈장농도 증가"
114,병용금기,단일,D000747,,단일,D000763,,"맥각독성(말초혈관 경련, 사지와 기타 조직의 허혈, 감각이상 등) 위험 증가"
115,병용금기,단일,D000747,,단일,D000762,,"맥각독성(말초혈관 경련, 사지와 기타 조직의 허혈, 감각이상 등) 위험 증가"
116,병용금기,단일,D000747,,단일,D000003,,"맥각독성(말초혈관 경련, 사지와 기타 조직의 허혈, 감각이상 등) 위험 증가"
117,병용금기,단일,D000747,,단일,D000712,,"맥각독성(말초혈관 경련, 사지와 기타 조직의 허혈, 감각이상 등) 위험 증가"
118,병용금기,단일,D000747,,단일,D000443,,"맥각독성(말초혈관 경련, 사지와 기타 조직의 허혈, 감각이상 등) 위험 증가"
119,병용금기,단일,D000516,,단일,D000429,,"세로토닌성 증후군(고혈압, 고열, 간대성 근경련, 정신상태 변화 등)"
120,병용금기,단일,D000800,,단일,D000429,,"세로토닌성 증후군(고혈압, 고열, 간대성 근경련, 정신상태 변화 등)"
121,병용금기,단일,D000800,,단일,D000139,,"세로토닌성 증후군(고혈압, 고열, 간대성 근경련, 정신상태 변화 등)"
122,병용금기,단일,D000800,,단일,D000187,,"장기화된 저혈압, 졸음, 현기증 및 정신운동능력 감소"
123,병용금기,단일,D000362,,단일,D000429,,"근독성, 간질, 세로토닌성 증후군(고혈압, 고열, 간대성 근경련, 정신상태 변화 등)"
124,병용금기,단일,D000362,,단일,D000139,,"근독성, 간질, 세로토닌성 증후군(고혈압, 고열, 간대성 근경련, 정신상태 변화 등)"
125,병용금기,단일,D000763,,단일,D000007,,과도한 진정작용
126,병용금기,단일,D000763,,단일,D000314,,혈중농도 저하로 항레트로바이러스 약물효과 감소
127,병용금기,단일,D000760,,단일,D000718,,기능적 신부전에 의해 유산 산성증 촉진
128,병용금기,단일,D000669,,단일,D000718,,기능적 신부전에 의해 유산 산성증 촉진
129,병용금기,단일,D000364,,단일,D000718,,기능적 신부전에 의해 유산 산성증 촉진
130,병용금기,단일,D000761,,단일,D000718,,기능적 신부전에 의해 유산 산성증 촉진
131,병용금기,단일,D000572,,단일,D000246,,혈관확장작용 증가로 저혈압 효과 상승
132,병용금기,단일,D000762,,단일,D000228,,"맥각독성(말초혈관 경련, 사지와 기타 조직의 허혈, 감각이상 등) 위험 증가"
133,병용금기,단일,D000228,,단일,D000003,,"맥각독성(말초혈관 경련, 사지와 기타 조직의 허혈, 감각이상 등) 위험 증가"
134,병용금기,단일,D000228,,단일,D000712,,"맥각독성(말초혈관 경련, 사지와 기타 조직의 허혈, 감각이상 등) 위험 증가"
135,병용금기,단일,D000228,,단일,D000650,,"상가적인 혈관수축반응, 현저한 혈압상승"
136,병용금기,단일,D000228,,단일,D000171,,"상가적인 혈관수축반응, 현저한 혈압상승"
137,병용금기,단일,D000229,,단일,D000429,,고혈압성 위기(현저한 혈압상승)
138,병용금기,단일,D000229,,단일,D000139,,고혈압성 위기(현저한 혈압상승)
139,병용금기,단일,D000323,,단일,D000429,,"구역, 구토, 안면홍조, 어지러움, 진전, 산동, 강직, 발한, 고온증, 심장지표의 빠른 변화와 함께 자율신경계의 불안정, 정신상태의 변화"
140,병용금기,단일,D000429,,단일,D000466,,"근독성, 간질, 세로토닌성 증후군(고혈압, 고열, 간대성 근경련, 정신상태 변화 등)"
141,병용금기,단일,D000429,,단일,D000353,,"세로토닌성 증후군(고혈압, 고열, 간대성 근경련, 정신상태 변화 등)"
142,병용금기,단일,D000429,,단일,D000700,,"아편계 약물의 효과 증강. 혼수, 중증의 호흡 억제"
143,병용금기,단일,D000429,,단일,D000336,,"세로토닌성 증후군(고혈압, 고열, 간대성 근경련, 정신상태 변화 등)"
144,병용금기,단일,D000429,,단일,D000638,,"세로토닌성 증후군(고혈압, 고열, 간대성 근경련, 정신상태 변화 등)"
145,병용금기,단일,D000530,,단일,D000246,,혈압강하작용 증강
146,병용금기,단일,D000287,,단일,D000650,,"상가적인 혈관수축반응, 현저한 혈압상승"
147,병용금기,단일,D000287,,단일,D000171,,"상가적인 혈관수축반응, 현저한 혈압상승"
148,병용금기,단일,D000003,,단일,D000314,,혈중농도 저하로 항레트로바이러스 약물효과 감소
149,병용금기,단일,D000498,,단일,D000246,,혈관확장작용 증가로 저혈압 효과 상승
150,병용금기,단일,D000466,,단일,D000139,,"근독성, 간질, 세로토닌성 증후군(고혈압, 고열, 간대성 근경련, 정신상태 변화 등)"
151,병용금기,단일,D000700,,단일,D000139,,"아편계 약물의 효과 증강. 혼수, 중증의 호흡 억제"
152,병용금기,단일,D000213,,단일,D000712,,"QT 연장, 심실성 빈맥, 심실세동 및 torsades de pointes 등 심독성위험 증가"
153,병용금기,단일,D000213,,단일,D000443,,"QT 연장, 심실성 빈맥, 심실세동 및 torsades de pointes 등 심독성위험 증가"
154,병용금기,단일,D000314,,단일,D000443,,혈중농도가 저하되어 보리코나졸의 약물효과 감소
155,병용금기,단일,D000139,,단일,D000638,,"세로토닌성 증후군(고혈압, 고열, 간대성 근경련, 정신상태 변화 등)"
156,병용금기,단일,D000650,,단일,D000171,,"상가적인 혈관수축반응, 현저한 혈압상승"
157,병용금기,단일,D000274,,단일,D000031,,중증의 위장관계 이상반응
158,병용금기,단일,D000274,,단일,D000452,,중증의 위장관계 이상반응
159,병용금기,단일,D000274,,단일,D000675,,중증의 위장관계 이상반응
160,병용금기,단일,D000274,,단일,D000298,,중증의 위장관계 이상반응
161,병용금기,단일,D000274,,단일,D000363,,중증의 위장관계 이상반응
162,병용금기,단일,D000274,,단일,D000575,,중증의 위장관계 이상반응
163,병용금기,단일,D000274,,단일,D000672,,중증의 위장관계 이상반응
164,병용금기,단일,D000274,,단일,D000115,,중증의 위장관계 이상반응
165,병용금기,단일,D000274,,단일,D000083,,중증의 위장관계 이상반응
166,병용금기,단일,D000274,,단일,D000262,,중증의 위장관계 이상반응
167,병용금기,단일,D000274,,단일,D000309,,중증의 위장관계 이상반응
168,병용금기,단일,D000274,,단일,D000544,,중증의 위장관계 이상반응
169,병용금기,단일,D000274,,단일,D000644,,중증의 위장관계 이상반응
170,병용금기,단일,D000343,,단일,D000238,,항콜린작용 증가
171,병용금기,단일,D000343,,단일,D000584,,항콜린작용 증가
172,병용금기,단일,D000343,,단일,D000781,,amantadine의 효과 저해
173,병용금기,단일,D000144,,단일,D000664,,anastrozole의 약리작용 감소
174,병용금기,단일,D000144,,단일,D000679,,anastrozole의 혈장농도 감소
175,병용금기,단일,D000238,,단일,D000541,,"지발성 운동장애 촉진, bromocryptine의 작용감약"
176,병용금기,단일,D000238,,단일,D000560,,혈압강하
177,병용금기,단일,D000540,,단일,D000429,,혈압상승
178,병용금기,단일,D000584,,단일,D000560,,혈압강하
179,병용금기,단일,D000276,,단일,D000560,,혈압강하
180,병용금기,단일,D000332,,단일,D000213,,QT간격 연장
181,병용금기,단일,D000477,,단일,D000560,,부정맥 또는 심정지
182,병용금기,단일,D000334,,단일,D000279,,신독성 증가
183,병용금기,단일,D000155,,단일,D000429,,"고혈압, 빈맥 유발"
184,병용금기,단일,D000155,,단일,D000560,,부정맥 또는 심정지 유도
185,병용금기,단일,D000155,,단일,D000139,,"고혈압, 빈맥 유발"
186,병용금기,단일,D000070,,단일,D000560,,부정맥 또는 심정지 유도
187,병용금기,단일,D000212,,단일,D000719,,심실성부정맥
188,병용금기,단일,D000267,,단일,D000718,,급성신부전
189,병용금기,단일,D000165,,단일,D000718,,급성신부전
190,병용금기,단일,D000268,,단일,D000718,,급성신부전
191,병용금기,단일,D000759,,단일,D000560,,부정맥 또는 심정지 유도
192,병용금기,단일,D000758,,단일,D000488,,비타민A 과잉증
193,병용금기,단일,D000769,,단일,D000265,,효소유도로 인한 ketoconazole의 혈중농도 저하
194,병용금기,단일,D000769,,단일,D000314,,효소유도로 인한 ketoconazole의 혈중농도 저하
195,병용금기,단일,D000274,,단일,D000696,,"상가적인 위장관 궤양, 출혈의 위험"
196,병용금기,단일,D000274,,단일,D000525,,"상가적인 위장관 궤양, 출혈의 위험"
197,병용금기,단일,D000274,,단일,D000703,,"상가적인 위장관 궤양, 출혈의 위험"
198,병용금기,단일,D000274,,단일,D000766,,"상가적인 위장관 궤양, 출혈의 위험"
199,병용금기,단일,D000320,,단일,D000783,,출혈성 궤양대장염과 장괴사
200,병용금기,단일,D000120,,단일,D000567,,warfarin의 항응고효과 감소
201,병용금기,단일,D000719,,단일,D000426,,mizolastine의 혈중농도 상승
202,병용금기,단일,D000429,,단일,D000200,,"경련, 반사항진, 이상고열, 혼수 등"
203,병용금기,단일,D000429,,단일,D000006,,"경련, 반사항진, 이상고열, 혼수 등"
204,병용금기,단일,D000429,,단일,D000773,,"세로토닌 작용에 의한 증후군(중추흥분, 설사, 빈맥, 땀, 진전, 혼동, 혼수 등) 야기"
205,병용금기,단일,D000196,,단일,D000762,,nisoldipine의 혈중농도 상승
206,병용금기,단일,D000196,,단일,D000769,,nisoldipine의 혈중농도 상승
207,병용금기,단일,D000755,,단일,D000541,,bromocriptine mesylate 혈중농도 상승
208,병용금기,단일,D000261,,단일,D000656,,항콜린 작용 증가
209,병용금기,단일,D000513,,단일,D000030,,심실성 부정맥(특히 torsades de pointes) 위험 증가
210,병용금기,단일,D000514,,단일,D000560,,부정맥 또는 심정지 유도
211,병용금기,단일,D000448,,단일,D000429,,"고혈압, 빈맥 유발"
212,병용금기,단일,D000448,,단일,D000139,,"고혈압, 빈맥 유발"
213,병용금기,단일,D000314,,단일,D000164,,isradipine의 혈장농도 저하
214,병용금기,단일,D000314,,단일,D000197,,nifedipine의 혈장농도 저하
215,병용금기,단일,D000314,,단일,D000196,,nisoldipine의 작용 약화
216,병용금기,단일,D000628,,단일,D000213,,심실부정맥(Torsades de pointes 포함)등의 심혈관계 이상반응
217,병용금기,단일,D000139,,단일,D000018,,bupropion의 급성독성 증가
218,병용금기,단일,D000139,,단일,D000242,,"고혈압, 저혈압, 발한을 동반한 심각한 중추신경계 이상반응(현기, 진전, 발작등)"
219,병용금기,단일,D000139,,단일,D000200,,"경련, 반사항진, 이상고열, 혼수 등"
220,병용금기,단일,D000139,,단일,D000006,,"경련, 반사항진, 이상고열, 혼수 등"
221,병용금기,단일,D000139,,단일,D000650,,"동맥 고혈압, 관상동맥 수축"
222,병용금기,단일,D000139,,단일,D000773,,"세로토닌 작용에 의한 증후군(중추흥분, 설사, 빈맥, 땀, 진전, 혼동, 혼수 등) 야기"
223,병용금기,단일,D000246,,단일,D000215,,혈압강하작용 증가
224,병용금기,단일,D000246,,단일,D000787,,혈압강하작용 증가
225,병용금기,단일,D000279,,단일,D000159,,고칼륨혈증
226,병용금기,단일,D000279,,단일,D000731,,고칼륨혈증
227,병용금기,단일,D000181,,단일,D000530,,혈압강하작용 증가
228,병용금기,단일,D000181,,단일,D000215,,혈압강하작용 증가
229,병용금기,단일,D000181,,단일,D000787,,혈압강하작용 증가
230,병용금기,단일,D000521,,단일,D000560,,부정맥 또는 심정지 유도
231,병용금기,단일,D000778,,단일,D000541,,bromocryptine의 효과 저해
232,병용금기,단일,D000181,,단일,D000572,,혈압강하작용 증가
233,병용금기,단일,D000488,,단일,D000503,,두개내 고혈압
234,병용금기,단일,D000488,,단일,D000754,,두개내 고혈압
235,병용금기,단일,D000488,,단일,D000064,,두개내 고혈압
236,병용금기,단일,D000753,,단일,D000560,,혈압강하
237,병용금기,단일,D000569,,단일,D000572,,혈압강하작용 증가
238,병용금기,단일,D000569,,단일,D000530,,혈압강하작용 증가
239,병용금기,단일,D000569,,단일,D000215,,혈압강하작용 증가
240,병용금기,단일,D000569,,단일,D000787,,혈압강하작용 증가
241,병용금기,단일,D000434,,단일,D000530,,혈압강하작용 증가
242,병용금기,단일,D000434,,단일,D000215,,혈압강하작용 증가
243,병용금기,단일,D000434,,단일,D000787,,혈압강하작용 증가
244,병용금기,단일,D000434,,단일,D000572,,혈압강하작용 증가
245,병용금기,단일,D000030,,단일,D000259,,심실성 부정맥(특히 torsades de pointes)
246,병용금기,단일,D000202,,단일,D000745,,"혈압상승 및 맥각독성(혈관경련, 말단 및 기타조직 허혈)"
247,병용금기,단일,D000256,,단일,D000419,,횡문근융해증/근육병증 및 이에 수반되는 급격한 신기능악화
248,병용금기,단일,D000202,,단일,D000373,,"맥각독성(혈관경련, 말단 및 기타조직 허혈)"
249,병용금기,단일,D000763,,단일,D000259,,"부정맥, 혈액장애, 경련등"
250,병용금기,단일,D000690,,단일,D000015,,간독성 및 간효소치 상승
251,병용금기,단일,D000007,,단일,D000712,,"진정작용의 연장 또는 증가, 호흡저하"
252,병용금기,단일,D000003,,단일,D000259,,"부정맥, 혈액장애, 경련등"
253,병용금기,단일,D000418,,단일,D000076,,혈당강하 작용 증강
254,병용금기,단일,D000712,,단일,D000212,,"부정맥, 혈액장애, 경련등"
255,병용금기,단일,D000187,,단일,D000142,,"저혈압에 의해 졸음, 현기증 및 정신운동능력 감소"
256,병용금기,단일,D000469,,단일,D000150,,아타자나비어 효과감소 및 내성발현
257,병용금기,단일,D000259,,단일,D000719,,"QT 연장, 심실성 부정맥"
258,병용금기,단일,D000395,,단일,D000202,,사지 및 기타조직의 말초 혈관경련 및 허혈로 나타나는 급성 맥각 중독과 같은 중대한 그리고/또는 생명을 위협하는 반응
259,병용금기,단일,D000517,,단일,D000202,,"맥각독성(혈관경련, 말단 및 기타조직 허혈)"
260,병용금기,단일,D000007,,단일,D000150,,진정작용이나 호흡억제를 증가 또는 연장
261,병용금기,단일,D000082,,단일,D000759,,"심부정맥, 경우에 따라 심정지"
262,병용금기,단일,D000137,,단일,D000560,,부정맥 또는 심정지
263,병용금기,단일,D000181,,단일,D000498,,혈압강하작용 증강
264,병용금기,단일,D000434,,단일,D000498,,혈압강하작용 증강
265,병용금기,단일,D000213,,단일,D000035,,QT 간격 연장
266,병용금기,단일,D000213,,단일,D000516,,QT 간격 연장
267,병용금기,단일,D000213,,단일,D000800,,QT 간격 연장
268,병용금기,단일,D000213,,단일,D000353,,QT 간격 연장
269,병용금기,단일,D000213,,단일,D000336,,QT 간격 연장
270,병용금기,단일,D000141,,단일,D000795,,"세로토닌 증후군(간대성 근경련, 진전, 편무도병, 조화운동불능, 말더듬증 고열, 정신상태 변화등)"
271,병용금기,단일,D000141,,단일,D000701,,"세로토닌 증후군(간대성 근경련, 진전, 편무도병, 조화운동불능, 말더듬증 고열, 정신상태 변화등)"
272,병용금기,단일,D000141,,단일,D000505,,"세로토닌 증후군(간대성 근경련, 진전, 편무도병, 조화운동불능, 말더듬증 고열, 정신상태 변화등)"
273,병용금기,단일,D000141,,단일,D000714,,"세로토닌 증후군(간대성 근경련, 진전, 편무도병, 조화운동불능, 말더듬증 고열, 정신상태 변화등)"
274,병용금기,단일,D000569,,단일,D000498,,혈압강하작용 증강
275,병용금기,단일,D000128,,단일,D000498,,혈압강하작용 증강
276,병용금기,복합,D000747,D001266,단일,D000628,,"맥각독성(혈관경련, 말단 및 기타조직 허혈)"
277,병용금기,단일,D000128,,단일,D000572,,혈압강하작용 증강
278,병용금기,복합,D000747,D001266,단일,D000256,,"맥각독성(혈관경련, 말단 및 기타조직 허혈)"
279,병용금기,복합,D000747,D001266,단일,D000373,,"맥각독성(혈관경련, 말단 및 기타조직 허혈)"
280,병용금기,복합,D000747,D001266,단일,D000171,,"약리적 상가작용에 의해, 혈압 상승 및 맥각중독(에르고티즘)(말초혈관수축 증가)의 위험성을 증가"
281,병용금기,단일,D000552,,단일,D000429,,"고열, 경직, 간대성근경련, 정신상태 변화 등"
282,병용금기,단일,D000552,,단일,D000139,,"고열, 경직, 간대성근경련, 정신상태 변화 등"
283,병용금기,단일,D000277,,단일,D000139,,"고혈압위기, 이상고열증, 근간대경련, 격월성 발작, 정신착란, 혼수 등"
284,병용금기,단일,D000505,,단일,D000429,,고혈압위기 유발
285,병용금기,단일,D000505,,단일,D000139,,고혈압위기 유발
286,병용금기,단일,D000792,,단일,D000429,,중추 흥분상태 증가
287,병용금기,단일,D000792,,단일,D000139,,중추 흥분상태 증가
288,병용금기,단일,D000714,,단일,D000429,,혈압상승 위험 유발
289,병용금기,단일,D000714,,단일,D000139,,혈압상승 위험 유발
290,병용금기,단일,D000701,,단일,D000429,,혈압상승 위험
291,병용금기,단일,D000701,,단일,D000139,,혈압상승 위험
292,병용금기,단일,D000795,,단일,D000429,,혈압상승 위험
293,병용금기,단일,D000795,,단일,D000139,,혈압상승 위험
294,병용금기,단일,D000811,,단일,D000429,,혈압변동의 위험
295,병용금기,단일,D000811,,단일,D000139,,혈압변동의 위험
296,병용금기,단일,D000171,,단일,D000429,,졸미트립탄의 혈중농도 증가
297,병용금기,단일,D000745,,복합,D000747,D000852,"상가적인 혈관수축반응, 혈압상승"
298,병용금기,단일,D000745,,단일,D000287,,"상가적인 혈관수축반응, 혈압상승"
299,병용금기,단일,D000745,,단일,D000650,,"상가적인 혈관수축반응, 혈압상승"
300,병용금기,단일,D000745,,단일,D000171,,"상가적인 혈관수축반응, 혈압상승"
301,병용금기,단일,D000505,,단일,D000701,,판막심장병 위험
302,병용금기,단일,D000505,,단일,D000795,,판막심장병 위험
303,병용금기,단일,D000505,,단일,D000714,,판막심장병 위험
304,병용금기,단일,D000701,,단일,D000795,,판막심장병 위험
305,병용금기,단일,D000701,,단일,D000714,,판막심장병 위험
306,병용금기,단일,D000795,,단일,D000714,,판막심장병 위험
307,병용금기,단일,D000007,,단일,D000395,,"진정작용의 증가 및 연장, 호흡저하판막심장병 위험"
308,병용금기,단일,D000007,,복합,D000626,D000712,"진정작용의 증가 및 연장, 호흡저하판막심장병 위험"
309,병용금기,단일,D000007,,단일,D000003,,"진정작용의 증가 및 연장, 호흡저하판막심장병 위험"
310,병용금기,단일,D000178,,단일,D000712,,과도한 진정 및 호흡억제
311,병용금기,단일,D000377,,단일,D000059,,리튬독성증강
312,병용금기,단일,D000202,,복합,D000626,D000712,"맥각독성(혈관경련, 말단 및 기타조직 허혈 등) 위험 증가"
313,병용금기,단일,D000202,,단일,D000405,,"맥각독성(혈관경련, 말단 및 기타조직 허혈 등) 위험 증가"
314,병용금기,단일,D000202,,복합,D000747,D000852,"맥각독성(혈관경련, 말단 및 기타조직 허혈 등) 위험 증가"
315,병용금기,단일,D000202,,단일,D000742,,"맥각독성(혈관경련, 말단 및 기타조직 허혈 등) 위험 증가"
316,병용금기,단일,D000699,,단일,D000150,,아타자나비르의 혈중농도 감소
317,병용금기,단일,D000153,,단일,D000150,,아타자나비르의 혈중농도 감소
318,병용금기,단일,D000204,,단일,D000150,,아타자나비르의 혈중농도 감소
319,병용금기,단일,D000301,,단일,D000150,,아타자나비르의 혈중농도 감소
320,병용금기,단일,D000386,,단일,D000150,,아타자나비르의 혈중농도 감소
321,병용금기,단일,D000168,,단일,D000150,,아타자나비르의 혈중농도 감소
322,병용금기,단일,D000084,,단일,D000003,,다폭세틴 농도 상승
323,병용금기,단일,D000125,,단일,D000560,,부정맥 또는 심정지
324,병용금기,단일,D000185,,단일,D000560,,부정맥 또는 심정지
325,병용금기,단일,D000137,,단일,D000082,,부정맥 또는 심정지
326,병용금기,단일,D000070,,단일,D000082,,부정맥 또는 심정지
327,병용금기,단일,D000477,,단일,D000082,,부정맥 또는 심정지
328,병용금기,단일,D000125,,단일,D000082,,부정맥 또는 심정지
329,병용금기,단일,D000514,,단일,D000082,,부정맥 또는 심정지
330,병용금기,단일,D000185,,단일,D000082,,부정맥 또는 심정지
331,병용금기,단일,D000521,,단일,D000082,,부정맥 도는 심정지
332,병용금기,단일,D000155,,단일,D000082,,부정맥 또는 심정지
333,병용금기,단일,D000084,,단일,D000429,,"세로토닌성 증후군(고혈압, 고열, 간대성 근경련, 정신상태 변화 등)"
334,병용금기,단일,D000084,,단일,D000139,,"세로토닌성 증후군(고혈압, 고열, 간대성 근경련, 정신상태 변화 등)"
335,병용금기,단일,D000084,,단일,D000650,,"세로토닌성 증후군(고혈압, 고열, 간대성 근경련, 정신상태 변화 등)"
336,병용금기,단일,D000246,,단일,D000181,,동일계열 병용투여 금기
337,병용금기,단일,D000246,,단일,D000569,,동일계열 병용투여 금기
338,병용금기,단일,D000246,,단일,D000434,,동일계열 병용투여 금기
339,병용금기,단일,D000246,,단일,D000128,,동일계열 병용투여 금기
340,병용금기,단일,D000569,,단일,D000181,,동일계열 병용투여 금기
341,병용금기,단일,D000128,,단일,D000181,,동일계열 병용투여 금기
342,병용금기,단일,D000128,,단일,D000569,,동일계열 병용투여 금기
343,병용금기,단일,D000128,,단일,D000434,,동일계열 병용투여 금기
344,병용금기,단일,D000434,,단일,D000181,,동일계열 병용투여 금기
345,병용금기,단일,D000434,,단일,D000569,,동일계열 병용투여 금기
346,병용금기,단일,D000029,,단일,D000777,,혈전형성
347,병용금기,단일,D000590,,단일,D000777,,혈전형성
348,병용금기,단일,D000520,,단일,D000777,,혈전형성
349,병용금기,단일,D000600,,단일,D000324,,저혈당 또는 혼수
350,병용금기,단일,D000604,,단일,D000798,,신독성 및 청각독성증강
351,병용금기,단일,D000075,,단일,D000798,,신독성 및 청각독성증강
352,병용금기,단일,D000322,,단일,D000202,,"맥각독성(혈관경련, 말단 및 기타조직 허혈 등) 위험 증가"
353,병용금기,단일,D000322,,복합,D000747,D000852,"맥각독성(혈관경련, 말단 및 기타조직 허혈 등) 위험 증가"
354,병용금기,단일,D000517,,복합,D000747,D000852,"맥각독성(혈관경련, 말단 및 기타조직 허혈 등) 위험 증가"
355,병용금기,단일,D000395,,복합,D000747,D000852,"맥각독성(혈관경련, 말단 및 기타조직 허혈 등) 위험 증가"
356,병용금기,단일,D000405,,복합,D000747,D001266,"맥각독성(혈관경련, 말단 및 기타조직 허혈 등) 위험 증가"
357,병용금기,단일,D000742,,복합,D000747,D000852,"맥각독성(혈관경련, 말단 및 기타조직 허혈 등) 위험 증가"
358,병용금기,단일,D000558,,복합,D000747,D000852,"맥각독성(혈관경련, 말단 및 기타조직 허혈 등) 위험 증가"
359,병용금기,단일,D000338,,단일,D000719,,심실운동 특히 Torsade de pointes에 대한 위험 증가
360,병용금기,단일,D000158,,단일,D000758,,두개내 고혈압
361,병용금기,단일,D000127,,단일,D000488,,두개내 고혈압
362,병용금기,단일,D000158,,단일,D000019,,두개내 고혈압
363,병용금기,단일,D000712,,단일,D000020,,신경학적 또는 기타 독성의 빈도 및 강도가 증가
364,병용금기,단일,D000763,,단일,D000419,,횡문근융해증/근육병증 및 이에 수반되는 급격한 신기능악화
365,병용금기,단일,D000712,,단일,D000419,,횡문근융해증/근육병증 및 이에 수반되는 급격한 신기능악화
366,병용금기,단일,D000003,,단일,D000419,,횡문근융해증/근육병증 및 이에 수반되는 급격한 신기능악화
367,병용금기,단일,D000405,,단일,D000027,,근병증 및 횡문근융해
368,병용금기,단일,D000405,,단일,D000419,,근병증 및 횡문근융해
369,병용금기,단일,D000151,,단일,D000581,,고칼슘혈증
370,병용금기,단일,D000151,,단일,D000175,,고칼슘혈증
371,병용금기,단일,D000151,,단일,D000188,,고칼슘혈증
372,병용금기,단일,D000581,,단일,D000175,,고칼슘혈증
373,병용금기,단일,D000581,,단일,D000188,,고칼슘혈증
374,병용금기,단일,D000175,,단일,D000188,,고칼슘혈증
375,병용금기,단일,D000565,,단일,D000731,,고칼륨혈증
376,병용금기,단일,D000565,,단일,D000159,,고칼륨혈증
377,병용금기,단일,D000028,,단일,D000281,,신장청소율을 감소시켜 양쪽 약물 모두 혈장농도 상승
378,병용금기,단일,D000150,,단일,D000161,,"골수기능 억제,설사 등 부작용 증강"
379,병용금기,단일,D000696,,단일,D000142,,경련 발생
380,병용금기,단일,D000020,,복합,D000626,D000712,Blonanserin 농도의 증가로 신경학적 또는 기타의 독성 가능성 증가
381,병용금기,단일,D000202,,단일,D000407,,혈압상승 및 맥각독성(말초혈관수축 증가)의 위험성 증가
382,병용금기,복합,D000747,D000852,단일,D000407,,"맥각독성(혈관경련, 말단 및 기타조직 허혈)"
383,병용금기,복합,D000747,D001266,단일,D000150,,"맥각독성(혈관경련, 말단 및 기타조직 허혈)"
384,병용금기,복합,D000747,D001266,복합,D000626,D000712,"맥각독성(혈관경련, 말단 및 기타조직 허혈)"
385,병용금기,단일,D000031,,단일,D000716,,신세뇨관에서 Methotrexate 배설이 지연되어 Methotrexate의 혈액학적 독성 증가
386,병용금기,단일,D000696,,단일,D000716,,신세뇨관에서 Methotrexate 배설이 지연되어 Methotrexate의 혈액학적 독성 증가
387,병용금기,단일,D000672,,단일,D000716,,신세뇨관에서 Methotrexate 배설이 지연되어 Methotrexate의 혈액학적 독성 증가
388,병용금기,단일,D000427,,단일,D000716,,신세뇨관에서 Methotrexate 배설이 지연되어 Methotrexate의 혈액학적 독성 증가
389,병용금기,단일,D000309,,단일,D000716,,신세뇨관에서 Methotrexate 배설이 지연되어 Methotrexate의 혈액학적 독성 증가
390,병용금기,단일,D000806,,단일,D000716,,신세뇨관에서 Methotrexate 배설이 지연되어 Methotrexate의 혈액학적 독성 증가
391,병용금기,단일,D000030,,단일,D000541,,길항작용
392,병용금기,단일,D000030,,단일,D000620,,길항작용
393,병용금기,단일,D000213,,단일,D000405,,QT 간격 연장
394,병용금기,단일,D000045,,단일,D000568,,131I 섭취율 저하
395,병용금기,단일,D000745,,단일,D000407,,추가적인 관상혈관 경련으로 고혈압 및 관상 동맥 협착의 위험성 증가
396,병용금기,단일,D000287,,단일,D000407,,추가적인 관상혈관 경련으로 고혈압 및 관상 동맥 협착의 위험성 증가
397,병용금기,복합,D000251,D000560,단일,D000248,,리듬장애를 수반한 발작성 고혈압
398,병용금기,단일,D000343,,단일,D000201,,QT 간격 연장
399,병용금기,단일,D000343,,단일,D000719,,QT 간격 연장
400,병용금기,단일,D000343,,단일,D000213,,QT 간격 연장
401,병용금기,단일,D000213,,단일,D000201,,QT 간격 연장
402,병용금기,단일,D000213,,단일,D000719,,QT 간격 연장
403,병용금기,단일,D000173,,단일,D000201,,QT 간격 연장
404,병용금기,단일,D000173,,단일,D000719,,QT 간격 연장
405,병용금기,단일,D000173,,단일,D000213,,QT 간격 연장
406,병용금기,단일,D000020,,단일,D000003,,Blonanserin 혈중 약물 농도 증가로 작용 증대
407,병용금기,단일,D000762,,단일,D000434,,Vardenafil의 혈중농도 증가
408,병용금기,단일,D000015,,단일,D000279,,보센탄의 혈중농도 증가
409,병용금기,복합,D000091,D000452,단일,D000716,,메토트렉세이트의 혈액학적 독성 증가
410,병용금기,복합,D000350,D000027,단일,D000762,,근증/횡문근변성의 위험성이 증가
411,병용금기,복합,D000350,D000027,단일,D000769,,근증/횡문근변성의 위험성이 증가
412,병용금기,복합,D000350,D000027,단일,D000256,,근증/횡문근변성의 위험성이 증가
413,병용금기,복합,D000350,D000027,단일,D000763,,근증/횡문근변성의 위험성이 증가
414,병용금기,단일,D000419,,단일,D000395,,횡문근융해증/근육병증 및 이에 수반되는 급격한 신기능 악화
415,병용금기,단일,D000419,,복합,D000626,D000712,횡문근융해증/근육병증 및 이에 수반되는 급격한 신기능 악화
416,병용금기,단일,D000027,,단일,D000395,,근병증/횡문근융해
417,병용금기,복합,D000350,D000027,단일,D000150,,근증/횡문근변성의 위험성이 증가
418,병용금기,복합,D000350,D000027,복합,D000626,D000712,근증/횡문근변성의 위험성이 증가
419,병용금기,복합,D000350,D000027,단일,D000395,,근증/횡문근변성의 위험성이 증가
420,병용금기,복합,D000350,D000027,단일,D000003,,근증/횡문근변성의 위험성이 증가
421,병용금기,단일,D000004,,단일,D000059,,리튬 독성 증가
422,병용금기,단일,D000259,,단일,D000201,,Torsade de pointes 위험 증가
423,병용금기,단일,D000259,,단일,D000213,,Torsade de pointes 위험 증가
424,병용금기,단일,D000259,,단일,D000362,,Torsade de pointes 위험 증가
425,병용금기,단일,D000259,,단일,D000466,,Torsade de pointes 위험 증가
426,병용금기,단일,D000259,,단일,D000809,,Torsade de pointes 위험 증가
427,병용금기,단일,D000259,,단일,D000343,,Torsade de pointes 위험 증가
428,병용금기,단일,D000259,,단일,D000319,,Torsade de pointes 위험 증가
429,병용금기,단일,D000201,,단일,D000362,,Torsade de pointes 위험 증가
430,병용금기,단일,D000201,,단일,D000466,,Torsade de pointes 위험 증가
431,병용금기,단일,D000201,,단일,D000809,,Torsade de pointes 위험 증가
432,병용금기,단일,D000201,,단일,D000319,,Torsade de pointes 위험 증가
433,병용금기,단일,D000028,,복합,D000665,D000281,양쪽 약물 모두 혈장농도 상승 가능
434,병용금기,단일,D000718,,단일,D000032,,기능적 신부전에 의해 유산 산성증 촉진
435,병용금기,복합,D000718,D000690,단일,D000669,,기능적 신부전에 의해 유산 산성증 촉진
436,병용금기,복합,D000718,D000690,단일,D000268,,기능적 신부전에 의해 유산 산성증 촉진
437,병용금기,복합,D000718,D000690,단일,D000267,,기능적 신부전에 의해 유산 산성증 촉진
438,병용금기,복합,D000718,D000690,단일,D000761,,기능적 신부전에 의해 유산 산성증 촉진
439,병용금기,복합,D000718,D000690,단일,D000165,,기능적 신부전에 의해 유산 산성증 촉진
440,병용금기,복합,D000718,D000690,단일,D000364,,기능적 신부전에 의해 유산 산성증 촉진
441,병용금기,복합,D000718,D000690,단일,D000760,,기능적 신부전에 의해 유산 산성증 촉진
442,병용금기,복합,D000718,D000690,단일,D000032,,기능적 신부전에 의해 유산 산성증 촉진
443,병용금기,복합,D000718,D000600,단일,D000669,,기능적 신부전에 의해 유산 산성증 촉진
444,병용금기,복합,D000718,D000600,단일,D000268,,기능적 신부전에 의해 유산 산성증 촉진
445,병용금기,복합,D000718,D000600,단일,D000267,,기능적 신부전에 의해 유산 산성증 촉진
446,병용금기,복합,D000718,D000600,단일,D000761,,기능적 신부전에 의해 유산 산성증 촉진
447,병용금기,복합,D000718,D000600,단일,D000165,,기능적 신부전에 의해 유산 산성증 촉진
448,병용금기,복합,D000718,D000600,단일,D000364,,기능적 신부전에 의해 유산 산성증 촉진
449,병용금기,복합,D000718,D000600,단일,D000760,,기능적 신부전에 의해 유산 산성증 촉진
450,병용금기,복합,D000718,D000600,단일,D000032,,기능적 신부전에 의해 유산 산성증 촉진
451,병용금기,복합,D000718,D000002,단일,D000268,,기능적 신부전에 의해 유산 산성증 촉진
452,병용금기,복합,D000718,D000002,단일,D000267,,기능적 신부전에 의해 유산 산성증 촉진
453,병용금기,복합,D000718,D000002,단일,D000761,,기능적 신부전에 의해 유산 산성증 촉진
454,병용금기,복합,D000718,D000002,단일,D000165,,기능적 신부전에 의해 유산 산성증 촉진
455,병용금기,복합,D000718,D000002,단일,D000364,,기능적 신부전에 의해 유산 산성증 촉진
456,병용금기,복합,D000718,D000002,단일,D000760,,기능적 신부전에 의해 유산 산성증 촉진
457,병용금기,복합,D000718,D000002,단일,D000032,,기능적 신부전에 의해 유산 산성증 촉진
458,병용금기,복합,D000718,D000109,단일,D000669,,기능적 신부전에 의해 유산 산성증 촉진
459,병용금기,복합,D000718,D000109,단일,D000268,,기능적 신부전에 의해 유산 산성증 촉진
460,병용금기,복합,D000718,D000109,단일,D000267,,기능적 신부전에 의해 유산 산성증 촉진
461,병용금기,복합,D000718,D000109,단일,D000761,,기능적 신부전에 의해 유산 산성증 촉진
462,병용금기,복합,D000718,D000109,단일,D000364,,기능적 신부전에 의해 유산 산성증 촉진
463,병용금기,복합,D000718,D000109,단일,D000760,,기능적 신부전에 의해 유산 산성증 촉진
464,병용금기,복합,D000718,D000109,단일,D000032,,기능적 신부전에 의해 유산 산성증 촉진
465,병용금기,복합,D000718,D000392,단일,D000669,,기능적 신부전에 의해 유산 산성증 촉진
466,병용금기,복합,D000718,D000392,단일,D000268,,기능적 신부전에 의해 유산 산성증 촉진
467,병용금기,복합,D000718,D000392,단일,D000267,,기능적 신부전에 의해 유산 산성증 촉진
468,병용금기,복합,D000718,D000392,단일,D000761,,기능적 신부전에 의해 유산 산성증 촉진
469,병용금기,복합,D000718,D000392,단일,D000165,,기능적 신부전에 의해 유산 산성증 촉진
470,병용금기,복합,D000718,D000392,단일,D000364,,기능적 신부전에 의해 유산 산성증 촉진
471,병용금기,복합,D000718,D000392,단일,D000760,,기능적 신부전에 의해 유산 산성증 촉진
472,병용금기,복합,D000718,D000392,단일,D000032,,기능적 신부전에 의해 유산 산성증 촉진
473,병용금기,복합,D000718,D000445,단일,D000669,,기능적 신부전에 의해 유산 산성증 촉진
474,병용금기,복합,D000718,D000445,단일,D000268,,기능적 신부전에 의해 유산 산성증 촉진
475,병용금기,복합,D000718,D000445,단일,D000267,,기능적 신부전에 의해 유산 산성증 촉진
476,병용금기,복합,D000718,D000445,단일,D000761,,기능적 신부전에 의해 유산 산성증 촉진
477,병용금기,복합,D000718,D000445,단일,D000165,,기능적 신부전에 의해 유산 산성증 촉진
478,병용금기,복합,D000718,D000445,단일,D000364,,기능적 신부전에 의해 유산 산성증 촉진
479,병용금기,복합,D000718,D000445,단일,D000760,,기능적 신부전에 의해 유산 산성증 촉진
480,병용금기,복합,D000718,D000445,단일,D000032,,기능적 신부전에 의해 유산 산성증 촉진
481,병용금기,복합,D000718,D000244,단일,D000669,,기능적 신부전에 의해 유산 산성증 촉진
482,병용금기,복합,D000718,D000244,단일,D000268,,기능적 신부전에 의해 유산 산성증 촉진
483,병용금기,복합,D000718,D000244,단일,D000267,,기능적 신부전에 의해 유산 산성증 촉진
484,병용금기,복합,D000718,D000244,단일,D000761,,기능적 신부전에 의해 유산 산성증 촉진
485,병용금기,복합,D000718,D000244,단일,D000165,,기능적 신부전에 의해 유산 산성증 촉진
486,병용금기,복합,D000718,D000244,단일,D000364,,기능적 신부전에 의해 유산 산성증 촉진
487,병용금기,복합,D000718,D000244,단일,D000760,,기능적 신부전에 의해 유산 산성증 촉진
488,병용금기,복합,D000718,D000244,단일,D000032,,기능적 신부전에 의해 유산 산성증 촉진
489,병용금기,단일,D000151,,복합,D000581,D000658,고칼슘혈증
490,병용금기,단일,D000175,,복합,D000581,D000658,고칼슘혈증
491,병용금기,단일,D000188,,복합,D000581,D000658,고칼슘혈증
492,병용금기,단일,D000737,,단일,D000150,,혈압강하증가
493,병용금기,단일,D000737,,단일,D000770,,혈압강하증가
494,병용금기,단일,D000737,,단일,D000373,,혈압강하증가
495,병용금기,단일,D000737,,복합,D000673,D000561/D000665/D000281,혈압강하증가
496,병용금기,단일,D000737,,단일,D000395,,혈압강하증가
497,병용금기,단일,D000737,,단일,D000763,,혈압강하증가
498,병용금기,단일,D000737,,단일,D000572,,혈압강하증가
499,병용금기,단일,D000737,,단일,D000762,,혈압강하증가
500,병용금기,단일,D000737,,복합,D000626,D000712,혈압강하증가
501,병용금기,단일,D000737,,단일,D000128,,혈압강하증가
502,병용금기,단일,D000737,,단일,D000530,,혈압강하증가
503,병용금기,단일,D000737,,단일,D000003,,혈압강하증가
504,병용금기,단일,D000737,,단일,D000497,,기절의 효과감소
505,병용금기,단일,D000737,,단일,D000498,,혈압강하증가
506,병용금기,단일,D000737,,단일,D000215,,혈압강하증가
507,병용금기,단일,D000737,,단일,D000787,,혈압강하증가
508,병용금기,단일,D000737,,단일,D000405,,혈압강하증가
509,병용금기,단일,D000737,,단일,D000712,,혈압강하증가
510,병용금기,단일,D000737,,단일,D000246,,동일계열 병용투여 금기
511,병용금기,단일,D000737,,단일,D000181,,동일계열 병용투여 금기
512,병용금기,단일,D000737,,단일,D000569,,동일계열 병용투여 금기
513,병용금기,단일,D000737,,단일,D000434,,동일계열 병용투여 금기
514,병용금기,단일,D000737,,단일,D000443,,혈압강하증가
515,병용금기,단일,D000128,,단일,D000530,,혈압강하증가
516,병용금기,단일,D000128,,단일,D000215,,혈압강하증가
517,병용금기,단일,D000128,,단일,D000787,,혈압강하증가
518,병용금기,단일,D000246,,단일,D000763,,혈압강하증가
519,병용금기,단일,D000246,,복합,D000626,D000712,혈압강하증가
520,병용금기,단일,D000246,,단일,D000712,,혈압강하증가
521,병용금기,단일,D000434,,단일,D000259,,혈압강하증가
522,병용금기,단일,D000434,,단일,D000150,,혈압강하증가
523,병용금기,단일,D000434,,복합,D000673,D000561/D000665/D000281,혈압강하증가
524,병용금기,단일,D000434,,단일,D000395,,혈압강하증가
525,병용금기,단일,D000434,,단일,D000201,,혈압강하증가
526,병용금기,단일,D000434,,단일,D000763,,혈압강하증가
527,병용금기,단일,D000434,,복합,D000626,D000712,혈압강하증가
528,병용금기,단일,D000434,,단일,D000003,,혈압강하증가
529,병용금기,단일,D000434,,단일,D000712,,혈압강하증가
530,병용금기,단일,D000434,,단일,D000022,,혈압강하증가
531,병용금기,복합,D000733,D000749,단일,D000556,,혈전색전증 위험을 높임
532,병용금기,복합,D000733,D000749,단일,D000617,,혈전색전증 위험을 높임
533,병용금기,복합,D000733,D000749,복합,D000694,D000749,혈전색전증 위험을 높임
534,병용금기,복합,D000733,D000749,복합,D000789,D000749,혈전색전증 위험을 높임
535,병용금기,복합,D000733,D000749,복합,D000556,D000749,혈전색전증 위험을 높임
536,병용금기,복합,D000733,D000749,복합,D000389,D000749,혈전색전증 위험을 높임
537,병용금기,복합,D000733,D000749,복합,D000617,D000749,혈전색전증 위험을 높임
538,병용금기,복합,D000733,D000749,단일,D000121,,혈전색전증 위험을 높임
539,병용금기,단일,D000695,,단일,D000150,,Atazanavir의 치료효과 감소 및 내성발현 위험 증가
540,병용금기,단일,D000153,,단일,D000003,,Nelfinavir의 치료효과 감소 및 내성발현 위험 증가
541,병용금기,단일,D000357,,단일,D000560,,중증의 혈압강하를 일으킬 수 있음
542,병용금기,단일,D000469,,단일,D000003,,Nelfinavir의 치료효과 감소 및 내성발현 위험 증가
543,병용금기,단일,D000735,,단일,D000800,,아고멜라틴 혈중농도 증가
544,병용금기,단일,D000735,,단일,D000142,,아고멜라틴 혈중농도 증가
545,병용금기,단일,D000396,,단일,D000334,,다비가트란의 혈중농도가 상승하여 출혈위험 증가
546,병용금기,단일,D000396,,단일,D000201,,다비가트란의 혈중농도가 상승하여 출혈위험 증가
547,병용금기,단일,D000396,,단일,D000762,,다비가트란의 혈중농도가 상승하여 출혈위험 증가
548,병용금기,단일,D000087,,단일,D000535,,발프론산의 혈중농도를  감소시켜 간질발작 재발의 위험 증가
549,병용금기,단일,D000036,,단일,D000476,,에트라비린의 혈중농도가 감소하여 치료효과 감소 혹은 내성발현
550,병용금기,단일,D000036,,단일,D000282,,에트라비린의 혈중농도가 감소하여 치료효과 감소 혹은 내성발현
551,병용금기,단일,D000036,,단일,D000595,,에트라비린의 혈중농도가 감소하여 치료효과 감소 혹은 내성발현
552,병용금기,단일,D000036,,단일,D000314,,에트라비린의 혈중농도가 감소하여 치료효과 감소 혹은 내성발현
553,병용금기,단일,D000036,,단일,D000447,,에트라비린의 혈중농도가 감소하여 치료효과 감소 혹은 내성발현
554,병용금기,단일,D000402,,단일,D000123,,메르캅토푸린의 혈중농도 증가
555,병용금기,단일,D000402,,단일,D000250,,아자치오프린의 혈중농도 증가
556,병용금기,단일,D000208,,단일,D000213,,피모짓의 혈중농도 증가
557,병용금기,단일,D000472,,단일,D000567,,와파린작용 증대
558,병용금기,단일,D000571,,단일,D000762,,이바브라딘의 혈중농도 증가
559,병용금기,단일,D000571,,단일,D000373,,이바브라딘의 혈중농도 증가
560,병용금기,단일,D000571,,단일,D000003,,이바브라딘의 혈중농도 증가
561,병용금기,단일,D000571,,단일,D000712,,이바브라딘의 혈중농도 증가
562,병용금기,단일,D000571,,단일,D000256,,이바브라딘의 혈중농도 증가
563,병용금기,단일,D000698,,단일,D000429,,"고혈압위기, 세로토닌증후군 발생 위험 증가"
564,병용금기,단일,D000698,,단일,D000139,,"고혈압위기, 세로토닌증후군 발생 위험 증가"
565,병용금기,단일,D000698,,단일,D000700,,"고혈압위기, 세로토닌증후군 발생 위험 증가"
566,병용금기,단일,D000698,,단일,D000773,,"고혈압위기, 세로토닌증후군 발생 위험 증가"
567,병용금기,단일,D000698,,단일,D000242,,"고혈압위기, 세로토닌증후군 발생 위험 증가"
568,병용금기,단일,D000698,,단일,D000447,,"고혈압위기, 세로토닌증후군 발생 위험 증가"
569,병용금기,단일,D000158,,단일,D000488,,두개내 고혈압
570,병용금기,단일,D000225,,단일,D000476,,릴피비린의 혈중농도가 감소하여 치료효과 감소 혹은 내성발현
571,병용금기,단일,D000225,,단일,D000263,,릴피비린의 혈중농도가 감소하여 치료효과 감소 혹은 내성발현
572,병용금기,단일,D000225,,단일,D000282,,릴피비린의 혈중농도가 감소하여 치료효과 감소 혹은 내성발현
573,병용금기,단일,D000225,,단일,D000595,,릴피비린의 혈중농도가 감소하여 치료효과 감소 혹은 내성발현
574,병용금기,단일,D000225,,단일,D000209,,릴피비린의 혈중농도가 감소하여 치료효과 감소 혹은 내성발현
575,병용금기,단일,D000225,,단일,D000314,,릴피비린의 혈중농도가 감소하여 치료효과 감소 혹은 내성발현
576,병용금기,단일,D000225,,단일,D000447,,릴피비린의 혈중농도가 감소하여 치료효과 감소 혹은 내성발현
577,병용금기,단일,D000225,,단일,D000469,,위장 pH의 증가로 릴피비린의 흡수가 저하되어 릴피비린의 치료효과 감소
578,병용금기,단일,D000225,,단일,D000153,,위장 pH의 증가로 릴피비린의 흡수가 저하되어 릴피비린의 치료효과 감소
579,병용금기,단일,D000225,,단일,D000699,,위장 pH의 증가로 릴피비린의 흡수가 저하되어 릴피비린의 치료효과 감소
580,병용금기,단일,D000225,,단일,D000695,,위장 pH의 증가로 릴피비린의 흡수가 저하되어 릴피비린의 치료효과 감소
581,병용금기,단일,D000225,,단일,D000386,,위장 pH의 증가로 릴피비린의 흡수가 저하되어 릴피비린의 치료효과 감소
582,병용금기,단일,D000225,,단일,D000751,,위장 pH의 증가로 릴피비린의 흡수가 저하되어 릴피비린의 치료효과 감소
583,병용금기,단일,D000225,,단일,D000204,,위장 pH의 증가로 릴피비린의 흡수가 저하되어 릴피비린의 치료효과 감소
584,병용금기,단일,D000225,,단일,D000168,,위장 pH의 증가로 릴피비린의 흡수가 저하되어 릴피비린의 치료효과 감소
585,병용금기,단일,D000225,,단일,D000301,,위장 pH의 증가로 릴피비린의 흡수가 저하되어 릴피비린의 치료효과 감소
586,병용금기,단일,D000527,,단일,D000150,,리바록사반의 혈중농도가 상승하여 출혈위험 증가
587,병용금기,단일,D000527,,단일,D000763,,리바록사반의 혈중농도가 상승하여 출혈위험 증가
588,병용금기,단일,D000527,,단일,D000712,,리바록사반의 혈중농도가 상승하여 출혈위험 증가
589,병용금기,단일,D000527,,복합,D000673,D000561/D000665/D000281,리바록사반의 혈중농도가 상승하여 출혈위험 증가
590,병용금기,단일,D000527,,단일,D000762,,리바록사반의 혈중농도가 상승하여 출혈위험 증가
591,병용금기,단일,D000527,,단일,D000443,,리바록사반의 혈중농도가 상승하여 출혈위험 증가
592,병용금기,단일,D000342,,단일,D000373,,실로도신의 혈중농도 증가
593,병용금기,단일,D000342,,단일,D000762,,실로도신의 혈중농도 증가
594,병용금기,단일,D000342,,단일,D000712,,실로도신의 혈중농도 증가
595,병용금기,단일,D000385,,단일,D000373,,티카그렐러의 혈중농도 증가
596,병용금기,단일,D000385,,단일,D000712,,티카그렐러의 혈중농도 증가
597,병용금기,단일,D000385,,단일,D000150,,티카그렐러의 혈중농도 증가
598,병용금기,단일,D000487,,단일,D000373,,톨밥탄의 혈중농도 증가
599,병용금기,단일,D000487,,단일,D000762,,톨밥탄의 혈중농도 증가
600,병용금기,단일,D000487,,단일,D000712,,톨밥탄의 혈중농도 증가
601,병용금기,단일,D000487,,단일,D000763,,톨밥탄의 혈중농도 증가
602,병용금기,단일,D000487,,단일,D000003,,톨밥탄의 혈중농도 증가
603,병용금기,단일,D000297,,단일,D000259,,"QTc 연장 효과 증대로 심각한 위험(Torsade de Pointes, 심각한 심실성 부정맥 포함) 가능성"
604,병용금기,단일,D000297,,단일,D000030,,"QTc 연장 효과 증대로 심각한 위험(Torsade de Pointes, 심각한 심실성 부정맥 포함) 가능성"
605,병용금기,단일,D000297,,단일,D000143,,"QTc 연장 효과 증대로 심각한 위험(Torsade de Pointes, 심각한 심실성 부정맥 포함) 가능성"
606,병용금기,단일,D000297,,단일,D000643,,"QTc 연장 효과 증대로 심각한 위험(Torsade de Pointes, 심각한 심실성 부정맥 포함) 가능성"
607,병용금기,단일,D000297,,단일,D000150,,"QTc 연장 효과 증대로 심각한 위험(Torsade de Pointes, 심각한 심실성 부정맥 포함) 가능성강력한 CYP억제제가 돔페리돈의 대사를 감소시켜, 돔페리돈의 영향(이상반응 포함) 증대 가능성"
608,병용금기,단일,D000297,,단일,D000742,,"QTc 연장 효과 증대로 심각한 위험(Torsade de Pointes, 심각한 심실성 부정맥 포함) 가능성"
609,병용금기,단일,D000297,,단일,D000328,,"QTc 연장 효과 증대로 심각한 위험(Torsade de Pointes, 심각한 심실성 부정맥 포함) 가능성"
610,병용금기,단일,D000297,,단일,D000724,,"QTc 연장 효과 증대로 심각한 위험(Torsade de Pointes, 심각한 심실성 부정맥 포함) 가능성"
611,병용금기,단일,D000297,,단일,D000444,,"강력한 CYP억제제가 돔페리돈의 대사를 감소시켜, 돔페리돈의 영향(이상반응 포함) 증대 가능성"
612,병용금기,단일,D000297,,단일,D000584,,"QTc 연장 효과 증대로 심각한 위험(Torsade de Pointes, 심각한 심실성 부정맥 포함) 가능성"
613,병용금기,단일,D000297,,단일,D000142,,"QTc 연장 효과 증대로 심각한 위험(Torsade de Pointes, 심각한 심실성 부정맥 포함) 가능성"
614,병용금기,단일,D000297,,단일,D000332,,"QTc 연장 효과 증대로 심각한 위험(Torsade de Pointes, 심각한 심실성 부정맥 포함) 가능성"
615,병용금기,단일,D000297,,단일,D000373,,"QTc 연장 효과 증대로 심각한 위험(Torsade de Pointes, 심각한 심실성 부정맥 포함) 가능성강력한 CYP억제제가 돔페리돈의 대사를 감소시켜, 돔페리돈의 영향(이상반응 포함) 증대 가능성"
616,병용금기,단일,D000297,,단일,D000395,,"강력한 CYP억제제가 돔페리돈의 대사를 감소시켜, 돔페리돈의 영향(이상반응 포함) 증대 가능성"
617,병용금기,단일,D000297,,단일,D000693,,"QTc 연장 효과 증대로 심각한 위험(Torsade de Pointes, 심각한 심실성 부정맥 포함) 가능성"
618,병용금기,단일,D000297,,단일,D000319,,"QTc 연장 효과 증대로 심각한 위험(Torsade de Pointes, 심각한 심실성 부정맥 포함) 가능성"
619,병용금기,단일,D000297,,단일,D000201,,"QTc 연장 효과 증대로 심각한 위험(Torsade de Pointes, 심각한 심실성 부정맥 포함) 가능성"
620,병용금기,단일,D000297,,단일,D000348,,"QTc 연장 효과 증대로 심각한 위험(Torsade de Pointes, 심각한 심실성 부정맥 포함) 가능성"
621,병용금기,단일,D000297,,복합,D000348,D000448,"QTc 연장 효과 증대로 심각한 위험(Torsade de Pointes, 심각한 심실성 부정맥 포함) 가능성"
622,병용금기,단일,D000297,,단일,D000035,,"QTc 연장 효과 증대로 심각한 위험(Torsade de Pointes, 심각한 심실성 부정맥 포함) 가능성"
623,병용금기,단일,D000297,,단일,D000519,,"QTc 연장 효과 증대로 심각한 위험(Torsade de Pointes, 심각한 심실성 부정맥 포함) 가능성"
624,병용금기,단일,D000297,,단일,D000517,,"QTc 연장 효과 증대로 심각한 위험(Torsade de Pointes, 심각한 심실성 부정맥 포함) 가능성"
625,병용금기,단일,D000297,,단일,D000078,,"QTc 연장 효과 증대로 심각한 위험(Torsade de Pointes, 심각한 심실성 부정맥 포함) 가능성"
626,병용금기,단일,D000297,,단일,D000113,,"QTc 연장 효과 증대로 심각한 위험(Torsade de Pointes, 심각한 심실성 부정맥 포함) 가능성"
627,병용금기,단일,D000297,,단일,D000256,,"QTc 연장 효과 증대로 심각한 위험(Torsade de Pointes, 심각한 심실성 부정맥 포함) 가능성"
628,병용금기,단일,D000297,,단일,D000763,,"강력한 CYP억제제가 돔페리돈의 대사를 감소시켜, 돔페리돈의 영향(이상반응 포함) 증대 가능성"
629,병용금기,단일,D000297,,단일,D000762,,"QTc 연장 효과 증대로 심각한 위험(Torsade de Pointes, 심각한 심실성 부정맥 포함) 가능성강력한 CYP억제제가 돔페리돈의 대사를 감소시켜, 돔페리돈의 영향(이상반응 포함) 증대 가능성"
630,병용금기,단일,D000297,,단일,D000769,,"""QTc 연장 효과 증대로 심각한 위험(Torsade de Pointes, 심각한 심실성 부정맥 포함) 가능성강력한 CYP억제제가 돔페리돈의 대사를 감소시켜, 돔페리돈의 영향(이상반응 포함) 증대 가능성"
631,병용금기,단일,D000297,,단일,D000793,,"QTc 연장 효과 증대로 심각한 위험(Torsade de Pointes, 심각한 심실성 부정맥 포함) 가능성"
632,병용금기,단일,D000297,,단일,D000226,,"QTc 연장 효과 증대로 심각한 위험(Torsade de Pointes, 심각한 심실성 부정맥 포함) 가능성"
633,병용금기,단일,D000297,,단일,D000425,,"QTc 연장 효과 증대로 심각한 위험(Torsade de Pointes, 심각한 심실성 부정맥 포함) 가능성"
634,병용금기,단일,D000297,,복합,D000425,D000803,"QTc 연장 효과 증대로 심각한 위험(Torsade de Pointes, 심각한 심실성 부정맥 포함) 가능성"
635,병용금기,단일,D000297,,단일,D000719,,"QTc 연장 효과 증대로 심각한 위험(Torsade de Pointes, 심각한 심실성 부정맥 포함) 가능성"
636,병용금기,단일,D000297,,단일,D000430,,"QTc 연장 효과 증대로 심각한 위험(Torsade de Pointes, 심각한 심실성 부정맥 포함) 가능성"
637,병용금기,단일,D000297,,단일,D000003,,"강력한 CYP억제제가 돔페리돈의 대사를 감소시켜, 돔페리돈의 영향(이상반응 포함) 증대 가능성"
638,병용금기,단일,D000297,,단일,D000608,,"QTc 연장 효과 증대로 심각한 위험(Torsade de Pointes, 심각한 심실성 부정맥 포함) 가능성"
639,병용금기,단일,D000297,,단일,D000470,,"QTc 연장 효과 증대로 심각한 위험(Torsade de Pointes, 심각한 심실성 부정맥 포함) 가능성"
640,병용금기,단일,D000297,,단일,D000261,,"QTc 연장 효과 증대로 심각한 위험(Torsade de Pointes, 심각한 심실성 부정맥 포함) 가능성"
641,병용금기,단일,D000297,,단일,D000513,,"QTc 연장 효과 증대로 심각한 위험(Torsade de Pointes, 심각한 심실성 부정맥 포함) 가능성"
642,병용금기,단일,D000297,,단일,D000111,,"QTc 연장 효과 증대로 심각한 위험(Torsade de Pointes, 심각한 심실성 부정맥 포함) 가능성"
643,병용금기,단일,D000297,,단일,D000213,,"QTc 연장 효과 증대로 심각한 위험(Torsade de Pointes, 심각한 심실성 부정맥 포함) 가능성"
644,병용금기,단일,D000297,,단일,D000405,,"QTc 연장 효과 증대로 심각한 위험(Torsade de Pointes, 심각한 심실성 부정맥 포함) 가능성강력한 CYP억제제가 돔페리돈의 대사를 감소시켜, 돔페리돈의 영향(이상반응 포함) 증대 가능성"
645,병용금기,단일,D000297,,단일,D000102,,"QTc 연장 효과 증대로 심각한 위험(Torsade de Pointes, 심각한 심실성 부정맥 포함) 가능성"
646,병용금기,단일,D000297,,단일,D000299,,"QTc 연장 효과 증대로 심각한 위험(Torsade de Pointes, 심각한 심실성 부정맥 포함) 가능성"
647,병용금기,단일,D000297,,단일,D000422,,"QTc 연장 효과 증대로 심각한 위험(Torsade de Pointes, 심각한 심실성 부정맥 포함) 가능성"
648,병용금기,단일,D000297,,단일,D000712,,"QTc 연장 효과 증대로 심각한 위험(Torsade de Pointes, 심각한 심실성 부정맥 포함) 가능성강력한 CYP억제제가 돔페리돈의 대사를 감소시켜, 돔페리돈의 영향(이상반응 포함) 증대 가능성"
649,병용금기,단일,D000297,,복합,D000712,D000626,"QTc 연장 효과 증대로 심각한 위험(Torsade de Pointes, 심각한 심실성 부정맥 포함) 가능성강력한 CYP억제제가 돔페리돈의 대사를 감소시켜, 돔페리돈의 영향(이상반응 포함) 증대 가능성"
650,병용금기,단일,D000297,,단일,D000022,,"QTc 연장 효과 증대로 심각한 위험(Torsade de Pointes, 심각한 심실성 부정맥 포함) 가능성"
651,병용금기,단일,D000297,,단일,D000833,,"QTc 연장 효과 증대로 심각한 위험(Torsade de Pointes, 심각한 심실성 부정맥 포함) 가능성강력한 CYP억제제가 돔페리돈의 대사를 감소시켜, 돔페리돈의 영향(이상반응 포함) 증대 가능성"
652,병용금기,단일,D000297,,단일,D000443,,"QTc 연장 효과 증대로 심각한 위험(Torsade de Pointes, 심각한 심실성 부정맥 포함) 가능성강력한 CYP억제제가 돔페리돈의 대사를 감소시켜, 돔페리돈의 영향(이상반응 포함) 증대 가능성"
653,병용금기,단일,D000297,,단일,D000842,,"QTc 연장 효과 증대로 심각한 위험(Torsade de Pointes, 심각한 심실성 부정맥 포함) 가능성"
654,병용금기,단일,D000297,,단일,D000774,,"QTc 연장 효과 증대로 심각한 위험(Torsade de Pointes, 심각한 심실성 부정맥 포함) 가능성"
655,병용금기,단일,D000297,,단일,D000635,,"QTc 연장 효과 증대로 심각한 위험(Torsade de Pointes, 심각한 심실성 부정맥 포함) 가능성"
656,병용금기,단일,D000297,,단일,D000638,,"QTc 연장 효과 증대로 심각한 위험(Torsade de Pointes, 심각한 심실성 부정맥 포함) 가능성"
657,병용금기,단일,D000297,,단일,D000173,,"QTc 연장 효과 증대로 심각한 위험(Torsade de Pointes, 심각한 심실성 부정맥 포함) 가능성"
658,병용금기,단일,D000615,,복합,D000665,D000281,"세포내 인산화 방해, 동일한 역전사효소 유전자(M184V) 변이를 통한 바이러스 내성 - 항바이러스 효과 감소"
659,병용금기,단일,D000615,,복합,D000665,D000281/D000225,"세포내 인산화 방해, 동일한 역전사효소 유전자(M184V) 변이를 통한 바이러스 내성 - 항바이러스 효과 감소"
660,병용금기,단일,D000615,,복합,D000665,D000281/D000673/D000561,"세포내 인산화 방해, 동일한 역전사효소 유전자(M184V) 변이를 통한 바이러스 내성 - 항바이러스 효과 감소"
661,병용금기,복합,D000615,D000172,복합,D000665,D000281,"세포내 인산화 방해, 동일한 역전사효소 유전자(M184V) 변이를 통한 바이러스 내성 - 항바이러스 효과 감소"
662,병용금기,복합,D000615,D000172,복합,D000665,D000281/D000225,"세포내 인산화 방해, 동일한 역전사효소 유전자(M184V) 변이를 통한 바이러스 내성 - 항바이러스 효과 감소"
663,병용금기,복합,D000615,D000172,복합,D000665,D000281/D000673/D000561,"세포내 인산화 방해, 동일한 역전사효소 유전자(M184V) 변이를 통한 바이러스 내성 - 항바이러스 효과 감소"
664,병용금기,복합,D000615,D000654,복합,D000665,D000281,"세포내 인산화 방해, 동일한 역전사효소 유전자(M184V) 변이를 통한 바이러스 내성 - 항바이러스 효과 감소"
665,병용금기,복합,D000615,D000654,복합,D000665,D000281/D000225,"세포내 인산화 방해, 동일한 역전사효소 유전자(M184V) 변이를 통한 바이러스 내성 - 항바이러스 효과 감소"
666,병용금기,복합,D000615,D000654,복합,D000665,D000281/D000673/D000561,"세포내 인산화 방해, 동일한 역전사효소 유전자(M184V) 변이를 통한 바이러스 내성 - 항바이러스 효과 감소"
667,병용금기,단일,D000564,,단일,D000429,,xylometazoline의 전신작용(고혈압 위험) 증강 또는 연장
668,병용금기,단일,D000564,,단일,D000698,,xylometazoline의 전신작용(고혈압 위험) 증강 또는 연장
669,병용금기,단일,D000564,,단일,D000139,,xylometazoline의 전신작용(고혈압 위험) 증강 또는 연장
670,병용금기,단일,D000809,,단일,D000139,,"이상고열, 전신경련, 발한, 불온, 혼수등"
671,병용금기,단일,D000259,,단일,D000823,,심실부정맥(Torsade de pointes) 위험 증가
672,병용금기,복합,D000563,D000302,단일,D000824,,"혈압 변동, 빈맥·심실세동등의 부정맥 위험 증가"
673,병용금기,단일,D000762,,단일,D000823,,QT 간격 연장 및 심실부정맥(Torsade de pointes) 위험 증가
674,병용금기,단일,D000592,,단일,D000825,,triazolam 의 약리학적 효과 및 작용(수면유도) 증가
675,병용금기,단일,D000429,,복합,D000448,D000826,교감신경흥분제의 작용 증강 또는 연장
676,병용금기,단일,D000213,,단일,D000809,,QT연장
677,병용금기,단일,D000827,,단일,D000417,,금주사제 병용시 피부독성
678,병용금기,단일,D000159,,단일,D000731,,고칼륨혈증 위험 증가
679,병용금기,단일,D000159,,단일,D000829,,고칼륨혈증 위험 증가
680,병용금기,단일,D000259,,단일,D000830,,"QT 연장, 심실성 빈맥, 심실세동 및 torsades de pointes 등 심독성위험 증가"
681,병용금기,단일,D000809,,단일,D000429,,"근독성, 간질, 세로토닌성 증후군(고혈압, 고열, 간대성 근경련, 정신상태 변화 등)"
682,병용금기,단일,D000810,,단일,D000429,,"근독성, 간질, 세로토닌성 증후군(고혈압, 고열, 간대성 근경련, 정신상태 변화 등)"
683,병용금기,단일,D000810,,단일,D000139,,"근독성, 간질, 세로토닌성 증후군(고혈압, 고열, 간대성 근경련, 정신상태 변화 등)"
684,병용금기,단일,D000831,,단일,D000718,,기능적 신부전에 의해 유산 산성증 촉진
685,병용금기,단일,D000832,,단일,D000718,,기능적 신부전에 의해 유산 산성증 촉진
686,병용금기,단일,D000213,,단일,D000823,,"QT 연장, 심실성 빈맥, 심실세동 및 torsades de pointes 등 심독성위험 증가"
687,병용금기,단일,D000213,,단일,D000833,,"QT 연장, 심실성 빈맥, 심실세동 및 torsades de pointes 등 심독성위험 증가"
688,병용금기,단일,D000823,,단일,D000443,,"QT 연장, 심실성 빈맥, 심실세동 및 torsades de pointes 등 심독성위험 증가"
689,병용금기,단일,D000731,,단일,D000829,,고칼륨혈증 위험 증가
690,병용금기,단일,D000274,,단일,D000834,,중증의 위장관계 이상반응
691,병용금기,단일,D000274,,단일,D000835,,중증의 위장관계 이상반응
692,병용금기,단일,D000274,,단일,D000836,,중증의 위장관계 이상반응
693,병용금기,단일,D000274,,단일,D000837,,중증의 위장관계 이상반응
694,병용금기,단일,D000199,,단일,D000830,,1. 아킬레스건 파열 및 손상<특히 노인>2. 심혈관계 부작용 증가
695,병용금기,단일,D000838,,단일,D000560,,부정맥 또는 심정지 유도
696,병용금기,단일,D000841,,단일,D000560,,부정맥 또는 심정지 유도
697,병용금기,단일,D000522,,단일,D000830,,1. 아킬레스건 파열 및 손상<특히 노인>2. 심혈관계 부작용 증가
698,병용금기,단일,D000513,,단일,D000839,,췌장염 유발
699,병용금기,단일,D000406,,단일,D000830,,1. 아킬레스건 파열 및 손상<특히 노인>2. 심혈관계 부작용 증가
700,병용금기,단일,D000833,,단일,D000259,,QT 간격 연장으로 심실성 부정맥 위험 증가 가능
701,병용금기,단일,D000840,,단일,D000560,,혈압강하
702,병용금기,단일,D000005,,단일,D000830,,1. 아킬레스건 파열 및 손상<특히 노인>2. 심혈관계 부작용 증가
703,병용금기,단일,D000575,,단일,D000829,,"질소혈증, 크레아티닌 청소율 저하"
704,병용금기,단일,D000027,,단일,D000833,,근병증 및 횡문근융해？
705,병용금기,단일,D000003,,단일,D000823,,QT간격 연장
706,병용금기,단일,D000712,,단일,D000823,,"QT간격 연장, 심부정맥"
707,병용금기,단일,D000823,,단일,D000769,,QT간격연장
708,병용금기,단일,D000823,,단일,D000517,,QT간격연장
709,병용금기,단일,D000823,,단일,D000405,,QT간격연장
710,병용금기,단일,D000823,,단일,D000763,,QT간격연장
711,병용금기,단일,D000823,,복합,D000626,D000712,QT간격연장
712,병용금기,단일,D000823,,단일,D000395,,QT간격연장
713,병용금기,단일,D000823,,단일,D000256,,QT간격연장
714,병용금기,단일,D000823,,단일,D000373,,QT간격연장
715,병용금기,단일,D000823,,단일,D000628,,QT간격연장
716,병용금기,단일,D000823,,단일,D000338,,QT간격연장
717,병용금기,단일,D000823,,단일,D000833,,QT간격연장
718,병용금기,단일,D000823,,단일,D000742,,QT간격연장
719,병용금기,단일,D000823,,단일,D000825,,QT간격연장
720,병용금기,단일,D000202,,단일,D000833,,"맥각독성(혈관경련, 말단 및 기타조직 허혈 등) 위험 증가"
721,병용금기,단일,D000838,,단일,D000082,,부정맥 또는 심정지
722,병용금기,단일,D000841,,단일,D000082,,부정맥 또는 심정지
723,병용금기,단일,D000343,,단일,D000842,,QT 간격 연장
724,병용금기,단일,D000213,,단일,D000842,,QT 간격 연장
725,병용금기,단일,D000173,,단일,D000842,,QT 간격 연장
726,병용금기,복합,D000350,D000027,단일,D000833,,근증/횡문근변성의 위험성이 증가
727,병용금기,단일,D000419,,단일,D000833,,횡문근융해증/근육병증 및 이에 수반되는 급격한 신기능 악화
728,병용금기,단일,D000259,,단일,D000842,,Torsade de pointes 위험 증가
729,병용금기,단일,D000201,,단일,D000842,,Torsade de pointes 위험 증가
730,병용금기,단일,D000249,,단일,D000843,,신장결석 형성 위험 증가
731,병용금기,복합,D000718,D000690,단일,D000832,,기능적 신부전에 의해 유산 산성증 촉진
732,병용금기,복합,D000718,D000690,단일,D000831,,기능적 신부전에 의해 유산 산성증 촉진
733,병용금기,복합,D000718,D000600,단일,D000832,,기능적 신부전에 의해 유산 산성증 촉진
734,병용금기,단일,D000718,,단일,D000831,,기능적 신부전에 의해 유산 산성증 촉진
735,병용금기,복합,D000718,D000002,단일,D000832,,기능적 신부전에 의해 유산 산성증 촉진
736,병용금기,복합,D000718,D000002,단일,D000831,,기능적 신부전에 의해 유산 산성증 촉진
737,병용금기,복합,D000718,D000109,단일,D000832,,기능적 신부전에 의해 유산 산성증 촉진
738,병용금기,복합,D000718,D000109,단일,D000831,,기능적 신부전에 의해 유산 산성증 촉진
739,병용금기,복합,D000718,D000392,단일,D000832,,기능적 신부전에 의해 유산 산성증 촉진
740,병용금기,복합,D000718,D000392,단일,D000831,,기능적 신부전에 의해 유산 산성증 촉진
741,병용금기,복합,D000718,D000445,단일,D000832,,기능적 신부전에 의해 유산 산성증 촉진
742,병용금기,복합,D000718,D000445,단일,D000831,,기능적 신부전에 의해 유산 산성증 촉진
743,병용금기,단일,D000833,,복합,D000747,D001266,"맥각독성(혈관경련, 말단 및 기타조직 허혈 등) 위험 증가"
744,병용금기,복합,D000747,D001266,단일,D000763,,"맥각독성(혈관경련, 말단 및 기타조직 허혈)"
745,병용금기,복합,D000747,D001266,단일,D000003,,"맥각독성(혈관경련, 말단 및 기타조직 허혈)"
746,병용금기,복합,D000747,D001266,단일,D000712,,"맥각독성(혈관경련, 말단 및 기타조직 허혈)"
747,병용금기,복합,D000747,D001266,단일,D000762,,"맥각독성(혈관경련, 말단 및 기타조직 허혈)"
748,병용금기,복합,D000747,D001266,단일,D000443,,"맥각독성(혈관경련, 말단 및 기타조직 허혈)"
749,병용금기,단일,D000845,,단일,D000697,,근육수축작용 증가
750,병용금기,단일,D000297,,단일,D000846,,"QTc 연장 효과 증대로 심각한 위험(Torsade de Pointes, 심각한 심실성 부정맥 포함) 가능성"
751,병용금기,단일,D000970,,단일,D000429,,"고열, 경직, 간대성근경련, 정신상태 변화 등"
752,병용금기,단일,D000297,,단일,D000491,,"QTc 연장 효과 증대로 심각한 위험(Torsade de Pointes, 심각한 심실성 부정맥 포함) 가능성"
753,병용금기,단일,D000079,,단일,D000324,,저혈당 또는 혼수
754,병용금기,복합,D000978,D000979,단일,D000159,,고칼륨혈증 위험 증가
755,병용금기,단일,D000978,,단일,D000159,,고칼륨혈증 위험 증가
756,병용금기,단일,D000274,,단일,D000982,,중증의 위장관계 이상반응
757,병용금기,단일,D000535,,복합,D000757,D000734,간질 발작 재발
758,병용금기,복합,D000535,D000536,단일,D000757,,간질 발작 재발
759,병용금기,단일,D000535,,단일,D000122,,간질발작 재발
760,병용금기,단일,D000535,,복합,D000779,D000014,간질 발작 재발
761,병용금기,복합,D000535,D000536,단일,D000779,,간질 발작 재발
762,병용금기,복합,D000535,D000536,단일,D000122,,간질발작 재발
763,병용금기,단일,D000444,,단일,D000259,,
764,병용금기,단일,D000444,,단일,D000088,,
765,병용금기,단일,D000444,,단일,D000202,,
766,병용금기,단일,D000444,,복합,D000747,D000852,
767,병용금기,단일,D000444,,단일,D000419,,
768,병용금기,단일,D000444,,단일,D000213,,
769,병용금기,단일,D000444,,단일,D000515,,
770,병용금기,단일,D000444,,단일,D000583,,
771,병용금기,단일,D000444,,단일,D000342,,
772,병용금기,단일,D000444,,단일,D000027,,
773,병용금기,단일,D000444,,복합,D000027,D000350,
774,병용금기,단일,D000444,,복합,D000027,D000686,
775,병용금기,단일,D000444,,단일,D000681,,
776,병용금기,단일,D000444,,단일,D000592,,
777,병용금기,단일,D000986,,단일,D000111,,
778,병용금기,복합,D000665,D000281/D000225,단일,D000476,,
779,병용금기,복합,D000665,D000281/D000225,단일,D000695,,
780,병용금기,복합,D000665,D000281/D000225,단일,D000153,,
781,병용금기,복합,D000665,D000281/D000225,단일,D000209,,
782,병용금기,복합,D000665,D000281/D000225,단일,D000168,,
783,병용금기,복합,D000665,D000281/D000225,단일,D000699,,
784,병용금기,복합,D000665,D000281/D000225,단일,D000469,,
785,병용금기,복합,D000665,D000281/D000225,단일,D000263,,
786,병용금기,복합,D000665,D000281/D000225,단일,D000386,,
787,병용금기,단일,D000329,,단일,D000571,,
788,병용금기,단일,D000818,,단일,D000571,,
789,병용금기,단일,D000583,,단일,D000560,,
790,병용금기,복합,D000506,D000233,단일,D000274,,
791,병용금기,단일,D000422,,단일,D000560,,
792,병용금기,단일,D000890,,단일,D000139,,
793,병용금기,단일,D000890,,단일,D000429,,
794,병용금기,단일,D000890,,단일,D000800,,
795,병용금기,단일,D001016,,단일,D000139,,
796,병용금기,단일,D001016,,단일,D000698,,
797,병용금기,단일,D001016,,단일,D000429,,
798,병용금기,단일,D001012,,단일,D000716,,methotrexate ≥ 15mg/주에 한해 금기
799,병용금기,단일,D001011,,단일,D000139,,
800,병용금기,단일,D001011,,단일,D000429,,
801,병용금기,단일,D001010,,단일,D000139,,
802,병용금기,단일,D001010,,단일,D000429,,
803,병용금기,복합,D000665,D000281/D000225,단일,D000447,,
804,병용금기,복합,D000665,D000281/D000225,단일,D000314,,
805,병용금기,복합,D000665,D000281/D000225,단일,D000301,,
806,병용금기,복합,D000665,D000281/D000225,단일,D000204,,
807,병용금기,복합,D000665,D000281/D000225,단일,D000595,,
808,병용금기,복합,D000665,D000281/D000225,단일,D000282,,
809,병용금기,복합,D000665,D000281/D000225,단일,D000751,,
810,병용금기,단일,D000444,,단일,D001030,,
811,병용금기,단일,D000444,,단일,D001031,,
812,병용금기,단일,D000444,,단일,D001032,,
813,병용금기,단일,D000215,,단일,D000202,,"맥각독성(말초허혈, 감각이상, 구역, 구토) 위험 증가"
814,병용금기,단일,D000215,,복합,D000747,D000852,"맥각독성(말초허혈, 감각이상, 구역, 구토) 위험 증가"
815,병용금기,단일,D000215,,단일,D001073,,혈압강하작용 증가
816,병용금기,단일,D000737,,단일,D001073,,Guanylate cyclase 자극제의 혈압강하작용 증가
817,병용금기,단일,D000128,,단일,D001073,,Guanylate cyclase 자극제의 혈압강하작용 증가
818,병용금기,단일,D000246,,단일,D001073,,Guanylate cyclase 자극제의 혈압강하작용 증가
819,병용금기,단일,D000181,,단일,D001073,,Guanylate cyclase 자극제의 혈압강하작용 증가
820,병용금기,단일,D000569,,단일,D001073,,Guanylate cyclase 자극제의 혈압강하작용 증가
821,병용금기,단일,D000434,,단일,D001073,,Guanylate cyclase 자극제의 혈압강하작용 증가
822,병용금기,단일,D000200,,단일,D000698,,"경련, 반사항진, 이상고열, 혼수 등"
823,병용금기,단일,D000155,,복합,D000747,D000852,혈관수축 및 혈압상승효과를 증가시킴
824,병용금기,단일,D000155,,단일,D000202,,혈관수축 및 혈압상승효과를 증가시킴
825,병용금기,단일,D000213,,복합,D000673,D000561/D000665/D000281,QT연장 및 심실성부정맥 유발 가능
826,병용금기,단일,D000213,,복합,D000673,D000150,QT연장 및 심실성부정맥 유발 가능
827,병용금기,단일,D000213,,복합,D000673,D000395,QT연장 및 심실성부정맥 유발 가능
828,병용금기,단일,D000213,,단일,D000395,,QT연장 및 심실성부정맥 유발 가능
829,병용금기,단일,D000213,,단일,D000763,,QT연장 및 심실성부정맥 유발 가능
830,병용금기,단일,D000213,,단일,D000003,,QT연장 및 심실성부정맥 유발 가능
831,병용금기,단일,D000213,,단일,D000517,,QT연장 및 심실성부정맥 유발 가능
832,병용금기,단일,D000027,,단일,D000619,,근육병증의 위험 증가 가능
833,병용금기,복합,D000027,D000350,단일,D000619,,근육병증의 위험 증가 가능
834,병용금기,복합,D000027,D000350,단일,D000373,,근육병증의 위험 증가 가능
835,병용금기,복합,D000027,D000350,단일,D000405,,근육병증의 위험 증가 가능
836,병용금기,복합,D000027,D000350,단일,D000712,,근육병증의 위험 증가 가능
837,병용금기,복합,D000027,D000686,단일,D000373,,근육병증의 위험 증가 가능
838,병용금기,복합,D000027,D000686,단일,D000405,,근육병증의 위험 증가 가능
839,병용금기,복합,D000027,D000686,단일,D000712,,근육병증의 위험 증가 가능
840,병용금기,복합,D000027,D000686,단일,D000619,,근육병증의 위험 증가 가능
841,병용금기,단일,D000447,,복합,D000654,D000615/D000986,병용 시 항바이러스 약의 치료효과가 떨어지고 내성 발현 가능
842,병용금기,단일,D000447,,단일,D000558,,병용 시 항바이러스 약의 치료효과가 떨어지고 내성 발현 가능
843,병용금기,단일,D000447,,단일,D001074,,병용 시 항바이러스 약의 치료효과가 떨어지고 내성 발현 가능
844,병용금기,단일,D000447,,단일,D000763,,병용 시 항바이러스 약의 치료효과가 떨어지고 내성 발현 가능
845,병용금기,단일,D000447,,단일,D000003,,병용 시 항바이러스 약의 치료효과가 떨어지고 내성 발현 가능
846,병용금기,단일,D000447,,단일,D000712,,병용 시 항바이러스 약의 치료효과가 떨어지고 내성 발현 가능
847,병용금기,단일,D000447,,복합,D000712,D000626,병용 시 항바이러스 약의 치료효과가 떨어지고 내성 발현 가능
848,병용금기,단일,D001075,,단일,D000150,,아수나프레비르의 농도 상승으로 인하여 심각하나 간 관련 이상반응의 발생 가능성을 증가시킬 수 있음
849,병용금기,단일,D001075,,단일,D000444,,아수나프레비르의 농도 상승으로 인하여 심각하나 간 관련 이상반응의 발생 가능성을 증가시킬 수 있음
850,병용금기,단일,D001075,,단일,D000015,,아수나프레비르에 대한 바이러스 반응의 소실을 유발 가능
851,병용금기,단일,D001075,,단일,D000476,,아수나프레비르에 대한 바이러스 반응의 소실을 유발 가능
852,병용금기,단일,D001075,,단일,D001076,,아수나프레비르의 농도 상승으로 인하여 심각하나 간 관련 이상반응의 발생 가능성을 증가시킬 수 있음
853,병용금기,단일,D001075,,단일,D000373,,아수나프레비르의 농도 상승으로 인하여 심각하나 간 관련 이상반응의 발생 가능성을 증가시킬 수 있음
854,병용금기,단일,D001075,,복합,D000673,D000561/D000665/D000281,아수나프레비르의 농도 상승으로 인하여 심각하나 간 관련 이상반응의 발생 가능성을 증가시킬 수 있음
855,병용금기,단일,D001075,,복합,D000673,D000150,아수나프레비르의 농도 상승으로 인하여 심각하나 간 관련 이상반응의 발생 가능성을 증가시킬 수 있음
856,병용금기,단일,D001075,,복합,D000673,D000395,아수나프레비르의 농도 상승으로 인하여 심각하나 간 관련 이상반응의 발생 가능성을 증가시킬 수 있음
857,병용금기,단일,D001075,,단일,D000674,,아수나프레비르의 농도 상승으로 인하여 심각하나 간 관련 이상반응의 발생 가능성을 증가시킬 수 있음
858,병용금기,단일,D001075,,단일,D001077,,아수나프레비르에 대한 바이러스 반응의 소실을 유발 가능
859,병용금기,단일,D001075,,단일,D001078,,아수나프레비르에 대한 바이러스 반응의 소실을 유발 가능
860,병용금기,단일,D001075,,단일,D000395,,아수나프레비르의 농도 상승으로 인하여 심각하나 간 관련 이상반응의 발생 가능성을 증가시킬 수 있음
861,병용금기,단일,D001075,,단일,D000199,,아수나프레비르에 대한 바이러스 반응의 소실을 유발 가능
862,병용금기,단일,D001075,,단일,D000818,,아수나프레비르의 농도 상승으로 인하여 심각하나 간 관련 이상반응의 발생 가능성을 증가시킬 수 있음
863,병용금기,단일,D001075,,단일,D000201,,아수나프레비르의 농도 상승으로 인하여 심각하나 간 관련 이상반응의 발생 가능성을 증가시킬 수 있음
864,병용금기,단일,D001075,,단일,D000558,,아수나프레비르에 대한 바이러스 반응의 소실을 유발 가능
865,병용금기,단일,D001075,,단일,D001079,,아수나프레비르에 대한 바이러스 반응의 소실을 유발 가능
866,병용금기,단일,D001075,,단일,D000256,,아수나프레비르의 농도 상승으로 인하여 심각하나 간 관련 이상반응의 발생 가능성을 증가시킬 수 있음
867,병용금기,단일,D001075,,단일,D000036,,아수나프레비르에 대한 바이러스 반응의 소실을 유발 가능
868,병용금기,단일,D001075,,단일,D000212,,아수나프레비르 농도상승으로 인하여 심장 부정맥을 유발할 수 있음
869,병용금기,단일,D001075,,단일,D000517,,아수나프레비르의 농도 상승으로 인하여 심각하나 간 관련 이상반응의 발생 가능성을 증가시킬 수 있음
870,병용금기,단일,D001075,,단일,D000209,,아수나프레비르에 대한 바이러스 반응의 소실을 유발 가능
871,병용금기,단일,D001075,,단일,D000076,,아수나프레비르에 대한 바이러스 반응의 소실을 유발 가능
872,병용금기,단일,D001075,,단일,D000162,,아수나프레비르의 농도 상승으로 인하여 심각하나 간 관련 이상반응의 발생 가능성을 증가시킬 수 있음
873,병용금기,단일,D001075,,단일,D000763,,아수나프레비르의 농도 상승으로 인하여 심각하나 간 관련 이상반응의 발생 가능성을 증가시킬 수 있음
874,병용금기,단일,D001075,,단일,D000762,,아수나프레비르의 농도 상승으로 인하여 심각하나 간 관련 이상반응의 발생 가능성을 증가시킬 수 있음
875,병용금기,단일,D001075,,단일,D000769,,아수나프레비르의 농도 상승으로 인하여 심각하나 간 관련 이상반응의 발생 가능성을 증가시킬 수 있음
876,병용금기,단일,D001075,,복합,D000626,D000712,아수나프레비르의 농도 상승으로 인하여 심각하나 간 관련 이상반응의 발생 가능성을 증가시킬 수 있음
877,병용금기,단일,D001075,,단일,D000953,,아수나프레비르에 대한 바이러스 반응의 소실을 유발 가능
878,병용금기,단일,D001075,,단일,D000632,,아수나프레비르에 대한 바이러스 반응의 소실을 유발 가능
879,병용금기,단일,D001075,,단일,D001080,,아수나프레비르에 대한 바이러스 반응의 소실을 유발 가능
880,병용금기,단일,D001075,,단일,D000003,,아수나프레비르의 농도 상승으로 인하여 심각하나 간 관련 이상반응의 발생 가능성을 증가시킬 수 있음
881,병용금기,단일,D001075,,단일,D001074,,아수나프레비르에 대한 바이러스 반응의 소실을 유발 가능
882,병용금기,단일,D001075,,단일,D000608,,아수나프레비르의 농도 상승으로 인하여 심각하나 간 관련 이상반응의 발생 가능성을 증가시킬 수 있음
883,병용금기,단일,D001075,,단일,D000263,,아수나프레비르에 대한 바이러스 반응의 소실을 유발 가능
884,병용금기,단일,D001075,,단일,D000282,,아수나프레비르에 대한 바이러스 반응의 소실을 유발 가능
885,병용금기,단일,D001075,,단일,D000595,,아수나프레비르에 대한 바이러스 반응의 소실을 유발 가능
886,병용금기,단일,D001075,,단일,D000405,,아수나프레비르의 농도 상승으로 인하여 심각하나 간 관련 이상반응의 발생 가능성을 증가시킬 수 있음
887,병용금기,단일,D001075,,단일,D000103,,아수나프레비르에 대한 바이러스 반응의 소실을 유발 가능
888,병용금기,단일,D001075,,단일,D000515,,아수나프레비르 농도상승으로 인하여 심장 부정맥을 유발할 수 있음
889,병용금기,단일,D001075,,단일,D001081,,아수나프레비르에 대한 바이러스 반응의 소실을 유발 가능
890,병용금기,단일,D001075,,단일,D000314,,아수나프레비르에 대한 바이러스 반응의 소실을 유발 가능
891,병용금기,단일,D001075,,단일,D000712,,아수나프레비르의 농도 상승으로 인하여 심각하나 간 관련 이상반응의 발생 가능성을 증가시킬 수 있음
892,병용금기,단일,D001075,,단일,D001082,,아수나프레비르에 대한 바이러스 반응의 소실을 유발 가능
893,병용금기,단일,D001075,,단일,D000447,,아수나프레비르에 대한 바이러스 반응의 소실을 유발 가능
894,병용금기,단일,D001075,,단일,D000329,,아수나프레비르의 농도 상승으로 인하여 심각하나 간 관련 이상반응의 발생 가능성을 증가시킬 수 있음
895,병용금기,단일,D001075,,단일,D000443,,아수나프레비르의 농도 상승으로 인하여 심각하나 간 관련 이상반응의 발생 가능성을 증가시킬 수 있음
896,병용금기,단일,D001070,,단일,D000259,,중대한 증상성 서맥이 나타날 수 있음. 병용이 필요한 경우 심장 모니터링이  권장됨
897,병용금기,단일,D001070,,단일,D000476,,다클라타스비르에 대한 바이러스 반응의 소실을 유발 가능
898,병용금기,단일,D001070,,단일,D000199,,다클라타스비르에 대한 바이러스 반응의 소실을 유발 가능
899,병용금기,단일,D001070,,단일,D001079,,다클라타스비르에 대한 바이러스 반응의 소실을 유발 가능
900,병용금기,단일,D001070,,단일,D000209,,다클라타스비르에 대한 바이러스 반응의 소실을 유발 가능
901,병용금기,단일,D001070,,단일,D000953,,다클라타스비르에 대한 바이러스 반응의 소실을 유발 가능
902,병용금기,단일,D001070,,단일,D000263,,다클라타스비르에 대한 바이러스 반응의 소실을 유발 가능
903,병용금기,단일,D001070,,단일,D000282,,다클라타스비르에 대한 바이러스 반응의 소실을 유발 가능
904,병용금기,단일,D001070,,단일,D000595,,다클라타스비르에 대한 바이러스 반응의 소실을 유발 가능
905,병용금기,단일,D001070,,단일,D000103,,다클라타스비르에 대한 바이러스 반응의 소실을 유발 가능
906,병용금기,단일,D001070,,단일,D001081,,다클라타스비르에 대한 바이러스 반응의 소실을 유발 가능
907,병용금기,단일,D001070,,단일,D000314,,다클라타스비르에 대한 바이러스 반응의 소실을 유발 가능
908,병용금기,단일,D001070,,단일,D000447,,다클라타스비르에 대한 바이러스 반응의 소실을 유발 가능
909,병용금기,단일,D001071,,단일,D000259,,중대한 증상성 서맥이 나타날 수 있음. 병용이 필요한 경우 심장 모니터링이  권장됨
910,병용금기,단일,D001071,,단일,D000476,,소포스부비르 혈장 농도를 현저히 떨어트려 소포스부비르의 치료 효과를 감소시킬 수 있음
911,병용금기,단일,D001071,,단일,D000209,,소포스부비르 혈장 농도를 현저히 떨어트려 소포스부비르의 치료 효과를 감소시킬 수 있음
912,병용금기,단일,D001071,,단일,D000632,,소포스부비르 농도를 감소시켜 소포스부비르의 치료 효과를 감소시킬 수 있음
913,병용금기,단일,D001071,,단일,D000263,,소포스부비르 혈장 농도를 현저히 떨어트려 소포스부비르의 치료 효과를 감소시킬 수 있음
914,병용금기,단일,D001071,,단일,D000282,,소포스부비르 혈장 농도를 현저히 떨어트려 소포스부비르의 치료 효과를 감소시킬 수 있음
915,병용금기,단일,D001071,,단일,D000595,,소포스부비르 혈장 농도를 현저히 떨어트려 소포스부비르의 치료 효과를 감소시킬 수 있음
916,병용금기,단일,D001071,,단일,D000103,,소포스부비르 혈장 농도를 현저히 떨어트려 소포스부비르의 치료 효과를 감소시킬 수 있음
917,병용금기,단일,D001071,,단일,D001081,,항바이러스제의 혈중 농도 증가로 부작용 발생위험 증가
918,병용금기,단일,D001071,,단일,D000314,,소포스부비르 혈장 농도를 현저히 떨어트려 소포스부비르의 치료 효과를 감소시킬 수 있음
919,병용금기,단일,D001071,,단일,D000447,,소포스부비르 혈장 농도를 현저히 떨어트려 소포스부비르의 치료 효과를 감소시킬 수 있음
920,병용금기,복합,D001072,D001071,단일,D000259,,중대한 증상성 서맥이 나타날 수 있음. 병용이 필요한 경우 심장 모니터링이  권장됨
921,병용금기,복합,D001072,D001071,단일,D000476,,레디파스비르 및 소포스부비르 혈장 농도를 현저히 떨어뜨려 이 약의 치료  효과를 감소시킬 수 있음
922,병용금기,복합,D001072,D001071,단일,D000209,,레디파스비르 및 소포스부비르 혈장 농도를 현저히 떨어뜨려 이 약의 치료  효과를 감소시킬 수 있음
923,병용금기,복합,D001072,D001071,단일,D000632,,레디파스비르 및 소포스부비르 혈장 농도를 현저히 떨어뜨려 이 약의 치료  효과를 감소시킬 수 있음
924,병용금기,복합,D001072,D001071,단일,D000263,,레디파스비르 및 소포스부비르 혈장 농도를 현저히 떨어뜨려 이 약의 치료  효과를 감소시킬 수 있음
925,병용금기,복합,D001072,D001071,단일,D000282,,레디파스비르 및 소포스부비르 혈장 농도를 현저히 떨어뜨려 이 약의 치료  효과를 감소시킬 수 있음
926,병용금기,복합,D001072,D001071,단일,D000595,,레디파스비르 및 소포스부비르 혈장 농도를 현저히 떨어뜨려 이 약의 치료  효과를 감소시킬 수 있음
927,병용금기,복합,D001072,D001071,단일,D000103,,레디파스비르 및 소포스부비르 혈장 농도를 현저히 떨어뜨려 이 약의 치료  효과를 감소시킬 수 있음
928,병용금기,복합,D001072,D001071,단일,D001081,,레디파스비르 및 소포스부비르 혈장 농도를 현저히 떨어뜨려 이 약의 치료  효과를 감소시킬 수 있음
929,병용금기,복합,D001072,D001071,단일,D000314,,레디파스비르 및 소포스부비르 혈장 농도를 현저히 떨어뜨려 이 약의 치료  효과를 감소시킬 수 있음
930,병용금기,복합,D001072,D001071,단일,D000219,,"로수바스타틴 농도를 현저하게 증가시킬 수 있으며, 이는 횡문근융해증을 포함하여 근육병증의 위험 증가"
931,병용금기,복합,D001072,D001071,단일,D000447,,레디파스비르 및 소포스부비르 혈장 농도를 현저히 떨어뜨려 이 약의 치료  효과를 감소시킬 수 있음
932,병용금기,단일,D000837,,단일,D000716,,methotrexate ≥ 15mg/주에 한해 금기
933,병용금기,단일,D000762,,단일,D000385,,티카그렐러는 이트라코나졸에 의해 혈장농도가 증가 가능
934,병용금기,복합,D000153,D000195,단일,D000225,,위장 pH의 증가로 릴피비린의 흡수가 저하되어 릴피비린의 치료효과 감소
935,병용금기,단일,D000699,,단일,D000003,,치료효과의 손실과 약물내성 나타날 수 있음
936,병용금기,단일,D000455,,단일,D000619,,횡문근융해와 같은 중증의 근육이상 보고
937,병용금기,단일,D000373,,단일,D000582,,콜키신에 대한 노출 증가 가능
938,병용금기,복합,D000469,D001148,단일,D000225,,위장 pH의 증가로 릴피비린의 흡수가 저하되어 릴피비린의 치료효과 감소
939,병용금기,복합,D000469,D001148,복합,D000665,D000281/D000225,위장 pH의 증가로 릴피비린의 흡수가 저하되어 릴피비린의 치료효과 감소
940,병용금기,복합,D000153,D000195,복합,D000665,D000281/D000225,위장 pH의 증가로 릴피비린의 흡수가 저하되어 릴피비린의 치료효과 감소
941,병용금기,복합,D000455,D000152,단일,D000619,,횡문근융해와 같은 중증의 근육이상 보고
942,병용금기,복합,D000455,D000350,단일,D000619,,횡문근융해와 같은 중증의 근육이상 보고
943,병용금기,단일,D000114,,단일,D000259,,심부정맥 위험 증가 가능
944,병용금기,단일,D000114,,단일,D000332,,심부정맥 위험 증가 가능
945,병용금기,단일,D000114,,단일,D000035,,심부정맥 위험 증가 가능
946,병용금기,단일,D000114,,단일,D000113,,심부정맥 위험 증가 가능
947,병용금기,단일,D000114,,단일,D000793,,심부정맥 위험 증가 가능
948,병용금기,단일,D000114,,단일,D000467,,심부정맥 위험 증가 가능
949,병용금기,단일,D000114,,단일,D000430,,심부정맥 위험 증가 가능
950,병용금기,복합,D000455,D000046,단일,D000619,,횡문근융해와 같은 중증의 근육이상 보고
951,병용금기,단일,D000114,,단일,D000256,,심부정맥 위험 증가 가능
952,병용금기,단일,D000114,,단일,D000513,,심부정맥 위험 증가 가능
953,병용금기,단일,D000114,,단일,D000022,,심부정맥 위험 증가 가능
954,병용금기,단일,D000114,,단일,D000842,,심부정맥 위험 증가 가능
955,병용금기,단일,D000114,,단일,D000635,,심부정맥 위험 증가 가능
956,병용금기,단일,D001091,,단일,D000809,,고혈압 초래 가능혈관수축작용으로 혈압상승 가능
957,병용금기,단일,D001091,,단일,D000248,,
958,병용금기,단일,D001091,,단일,D000810,,고혈압 초래 가능 혈관수축작용으로 혈압상승 가능
959,병용금기,단일,D001091,,단일,D000501,,고혈압 초래 가능 혈관수축작용으로 혈압상승 가능
960,병용금기,단일,D001091,,단일,D000362,,고혈압 초래 가능 혈관수축작용으로 혈압상승 가능
961,병용금기,단일,D001091,,단일,D000466,,고혈압 초래 가능혈관수축작용으로 혈압상승 가능
962,병용금기,단일,D000396,,단일,D000476,,
963,병용금기,단일,D000396,,단일,D000314,,다비가트란의 혈중농도 증가
964,병용금기,단일,D000396,,복합,D000314,D000265,다비가트란의 혈중농도 증가
965,병용금기,단일,D000396,,복합,D000314,D000265/D000802,다비가트란의 혈중농도 증가
966,병용금기,단일,D000336,,단일,D001035,,세로토닌 증후군 위험 증가 가능성
967,병용금기,단일,D000386,,단일,D000003,,넬피나비르의 혈장농도가 감소되어 치료효과의 손실과 약물 내성이 나타날 수 있음.
968,병용금기,단일,D000751,,단일,D000003,,넬피나비르의 혈장농도가 감소되어 치료효과의 손실과 약물 내성이 나타날 수 있음.
969,병용금기,단일,D001149,,단일,D000762,,팔보시클립의 혈장 농도 증가
970,병용금기,단일,D001149,,단일,D000405,,팔보시클립의 혈장 농도 증가
971,병용금기,단일,D001149,,복합,D000626,D000712,팔보시클립의 혈장 농도 증가
972,병용금기,단일,D001149,,단일,D000003,,팔보시클립의 혈장 농도 증가
973,병용금기,단일,D001149,,단일,D000712,,팔보시클립의 혈장 농도 증가
974,병용금기,단일,D001149,,단일,D001079,,팔보시클립의 혈장 농도 증가
975,병용금기,단일,D001149,,단일,D000314,,팔보시클립의 혈장 농도 증가
976,병용금기,단일,D000396,,단일,D000769,,다비가트란의 혈중농도 증가
977,병용금기,단일,D000396,,단일,D000447,,다비가트란의 혈중농도 증가
978,병용금기,단일,D001149,,단일,D000769,,팔보시클립의 혈장 농도 증가
979,병용금기,단일,D001149,,단일,D000763,,팔보시클립의 혈장 농도 증가
980,병용금기,단일,D001091,,단일,D000277,,고혈압 초래 가능혈관수축작용으로 혈압상승 가능
981,병용금기,단일,D001149,,단일,D000476,,팔보시클립의 혈장 농도 증가
982,병용금기,단일,D001149,,단일,D000595,,팔보시클립의 혈장 농도 증가
983,병용금기,단일,D001149,,단일,D000447,,팔보시클립의 혈장 농도 감소
984,병용금기,단일,D000396,,단일,D000595,,다비가트란의 혈중농도 증가
985,병용금기,단일,D001149,,단일,D000443,,팔보시클립의 혈장 농도 증가
986,병용금기,단일,D000396,,복합,D000314,D000265/D000802/D001151,다비가트란의 혈중농도 감소
987,병용금기,단일,D001149,,단일,D000373,,팔보시클립의 혈장 농도 증가
988,병용금기,복합,D001171,D001172,단일,D000476,,엘바스비르와 그라조프레비르의 혈장 농도가 유의하게 감소하여 이 약의 바이러스학적 반응 감소 가능
989,병용금기,복합,D001171,D001172,단일,D000558,,엘바스비르와 그라조프레비르의 혈장 농도가 유의하게 감소하여 이 약의 바이러스학적 반응 감소 가능
990,병용금기,복합,D001171,D001172,단일,D000595,,엘바스비르와 그라조프레비르의 혈장 농도가 유의하게 감소하여 이 약의 바이러스학적 반응 감소 가능
991,병용금기,복합,D001171,D001172,단일,D000314,,엘바스비르와 그라조프레비르의 혈장 농도가 유의하게 감소하여 이 약의 바이러스학적 반응 감소 가능
992,병용금기,복합,D001171,D001172,단일,D000447,,엘바스비르와 그라조프레비르의 혈장 농도가 유의하게 감소하여 이 약의 바이러스학적 반응 감소 가능
993,병용금기,복합,D001171,D001172,복합,D001172,D000150,그라조프레비르의 혈장 농도가 유의하게 증가하여 ALT 상승 위험 증가 가능
994,병용금기,복합,D001171,D001172,단일,D000334,,그라조프레비르의 혈장 농도가 유의하게 증가하여 ALT 상승 위험 증가 가능
995,병용금기,복합,D001171,D001172,단일,D000395,,그라조프레비르의 혈장 농도가 유의하게 증가하여 ALT 상승 위험 증가 가능
996,병용금기,복합,D001171,D001172,복합,D000626,D000712,그라조프레비르의 혈장 농도가 유의하게 증가하여 ALT 상승 위험 증가 가능
997,병용금기,단일,D000749,,복합,D001174,D001175/D000712,ALT 수치 상승이 정상최고치(ULN) 대비 5배 이상 나오는 빈도가 유의적으로 높게 나타남
998,병용금기,복합,D000749,D000389,복합,D001174,D001175/D000712,ALT 수치 상승이 정상최고치(ULN) 대비 5배 이상 나오는 빈도가 유의적으로 높게 나타남
999,병용금기,복합,D000749,D000617,복합,D001174,D001175/D000712,ALT 수치 상승이 정상최고치 (ULN) 대비 5배 이상 나오는 빈도가 유의적으로 높게 나타남
1000,병용금기,복합,D000749,D000694,복합,D001174,D001175/D000712,ALT 수치 상승이 정상최고치(ULN) 대비 5배 이상 나오는 빈도가 유의적으로 높게 나타남
1001,병용금기,복합,D000749,D000789,복합,D001174,D001175/D000712,ALT 수치 상승이 정상치 상한 기준보다 20배 이상 높게 나타나는 데 영향이 있음
1002,병용금기,복합,D000749,D000733,복합,D001174,D001175/D000712,ALT 수치가 정상치 상한 기준보다 20배 이상 높게 나타나는 데 영향이 있음
1003,병용금기,단일,D000716,,단일,D001176,,"엽산 의존 대사 경로에서 구내염, 골수억제 및 신경독성과 같은 독성을 잠재적으로 유발하는 메토트렉세이트의 효과 증가"
1004,병용금기,단일,D000076,,단일,D001177,,"다사부비르의 AUC 약 11배, Cmax 약 2배 증가 다사부비르의 혈중농도 증가는 QT 연장을 일으킬 수 있음."
1005,병용금기,단일,D000076,,단일,D001178,,"셀레시팍 노출 약 2배 증가, 셀레시팍 활성대사체 노출 약 11배 증가"
1006,병용금기,복합,D000018,D001312,단일,D000505,,판막심장병 위험
1007,병용금기,복합,D000018,D001312,단일,D001063,,안전성 및 유효성 미확립
1008,병용금기,복합,D000018,D001312,단일,D000714,,폐동맥고혈압 위험 증가
1009,병용금기,복합,D000018,D001312,단일,D000701,,판막심장병 위험
1010,병용금기,복합,D000018,D001312,단일,D000795,,판막심장병 위험
1011,병용금기,단일,D001063,,단일,D000505,,판막심장병 위험
1012,병용금기,단일,D001063,,단일,D000714,,폐동맥고혈압 위험 증가
1013,병용금기,단일,D001063,,단일,D000701,,판막심장병 위험
1014,병용금기,단일,D001063,,단일,D000795,,판막심장병 위험
1015,병용금기,단일,D000113,,복합,D000302,D000051,Levodopa의 치료효과 감소
1016,병용금기,단일,D000113,,복합,D000302,D000051/D000039,
1017,병용금기,단일,D000113,,복합,D000302,D000563,Levodopa의 치료효과 감소
1018,병용금기,단일,D000113,,단일,D000259,,QT간격 연장 위험 증가
1019,병용금기,단일,D000113,,단일,D000201,,QT간격 연장 위험 증가
1020,병용금기,단일,D000113,,단일,D000022,,QT간격 연장 위험 증가
1021,병용금기,단일,D000113,,단일,D000332,,QT간격 연장 위험 증가
1022,병용금기,단일,D000113,,단일,D000035,,QT간격 연장 위험 증가
1023,병용금기,단일,D000113,,단일,D000742,,QT간격 연장 위험 증가
1024,병용금기,단일,D000113,,단일,D000373,,QT간격 연장 위험 증가
1025,병용금기,단일,D000113,,단일,D000793,,QT간격 연장 위험 증가
1026,병용금기,단일,D000113,,단일,D000430,,QT간격 연장 위험 증가
1027,병용금기,단일,D000113,,단일,D000584,,QT간격 연장 위험 증가
1028,병용금기,단일,D000113,,단일,D000792,,QT간격 연장 위험 증가
1029,병용금기,단일,D000113,,단일,D000256,,QT간격 연장 위험 증가
1030,병용금기,단일,D000113,,단일,D000213,,QT간격 연장 위험 증가
1031,병용금기,단일,D000113,,단일,D000173,,QT간격 연장 위험 증가
1032,병용금기,단일,D000113,,단일,D000513,,QT간격 연장 위험 증가
1033,병용금기,단일,D000113,,단일,D000319,,QT간격 연장 위험 증가
1034,병용금기,단일,D000113,,단일,D000842,,QT간격 연장 위험 증가
1035,병용금기,단일,D000113,,단일,D000635,,QT간격 연장 위험 증가
1036,병용금기,복합,D000673,D000561/D000665/D000281,단일,D000476,,Cobicistat 및 Elvitegravir의 혈중농도 감소로 치료효과 소실 및 내성 발현 가능
1037,병용금기,단일,D001314,,단일,D000146,,골절 및 사망률 증가
1038,병용금기,단일,D000762,,단일,D000201,,"Dronedarone의 혈중농도 증가, TdP를 포함하는 중대한 심실성 부정맥 같은 Dronedarone 관련 약물이상반응 발생 위험이 증가. Itraconazole 투여 중 및 종료 후 2주 간 해당 성분 투여 금기"
1039,병용금기,단일,D000762,,단일,D000719,,"Mizolastine의 혈중농도 증가, QT 연장 같은 Mizolastine 관련 약물이상반응 발생 위험이 증가. Itraconazole 투여 중 및 종료 후 2주 간 해당 성분 투여 금기"
1040,병용금기,단일,D000762,,단일,D000161,,"골수억제, 설사 등 이상반응 증가, Itraconazole 투여 중 및 종료 후 2주 간 해당 성분 투여 금기"
1041,병용금기,단일,D000762,,단일,D000404,,"Felodipine의 혈중농도 증가, 저혈압 및 말초부종 같은 약물이상반응 발생 위험이 증가. Itraconazole 투여 중 및 종료 후 2주 간 해당 성분 투여 금기"
1042,병용금기,단일,D000762,,단일,D000616,,"Lercanidipine의 혈중농도 증가, 저혈압 및 말초부종 같은 약물이상반응 발생 위험이 증가. Itraconazole 투여 중 및 종료 후 2주 간 해당 성분 투여 금기"
1043,병용금기,단일,D000762,,단일,D000084,,"Dapoxetine의 혈중농도 증가, Itraconazole 투여 중 및 종료 후 2주 간 해당 성분 투여 금기"
1044,병용금기,단일,D000517,,단일,D000256,,"QT연장, Torsade de pointes 위험성 증가"
1045,병용금기,단일,D000443,,단일,D001081,,"Rifabutin의 혈중농도 증가, Voriconazole의 농도 감소"
1046,병용금기,단일,D000443,,단일,D000282,,"Phenobarbital의 혈중농도 증가, Voriconazole의 농도 감소"
1047,병용금기,단일,D000443,,단일,D001082,,Sirolimus의 농도 증가
1048,병용금기,단일,D000443,,단일,D000447,,Voriconazole의 농도 감소
1049,병용금기,단일,D000405,,단일,D000455,,횡문근융해를 비롯한 근육병증 발생가능성 증가
1050,병용금기,복합,D000673,D000561/D000665/D000281,단일,D000282,,Cobicistat 및 Elvitegravir의 혈중농도 감소로 치료효과 소실 및 내성 발현 가능
1051,병용금기,복합,D000673,D000561/D000665/D000281,단일,D000595,,Cobicistat 및 Elvitegravir의 혈중농도 감소로 치료효과 소실 및 내성 발현 가능
1052,병용금기,복합,D000673,D000561/D000665/D000281,단일,D000209,,Cobicistat 및 Elvitegravir의 혈중농도 감소로 치료효과 소실 및 내성 발현 가능
1053,병용금기,복합,D000673,D000561/D000665/D000281,단일,D001081,,Cobicistat 및 Elvitegravir의 혈중농도 감소로 치료효과 소실 및 내성 발현 가능
1054,병용금기,복합,D000673,D000561/D000665/D000281,단일,D000314,,Cobicistat 및 Elvitegravir의 혈중농도 감소로 치료효과 소실 및 내성 발현 가능
1055,병용금기,복합,D000673,D000561/D000665/D000281,단일,D000447,,Cobicistat 및 Elvitegravir의 혈중농도 감소로 치료효과 소실 및 내성 발현 가능
1056,병용금기,복합,D000673,D000561/D000665/D000281,단일,D001030,,Alfuzosin 혈중농도 증가
1057,병용금기,복합,D000673,D000561/D000665/D000281,단일,D000259,,Amiodarone 혈중농도 증가
1058,병용금기,복합,D000673,D000561/D000665/D000281,단일,D000020,,Blonanserin 혈중농도 증가
1059,병용금기,복합,D000673,D000561/D000665/D000281,단일,D000202,,"Dihydroergotamine 혈중농도 증가, 말초혈관연축 또는 국소빈혈"
1060,병용금기,복합,D000673,D000561/D000665/D000281,단일,D000228,,"Ergometrine 혈중농도 증가, 말초혈관연축 또는 국소빈혈"
1061,병용금기,복합,D000673,D000561/D000665/D000281,복합,D000747,D000852,"Ergotamine 혈중농도 증가, 말초혈관연축 또는 국소빈혈"
1062,병용금기,복합,D000673,D000561/D000665/D000281,단일,D000419,,"Lovastatin 혈중농도 증가, 횡문근융해를 비롯한 근육병증"
1063,병용금기,복합,D000673,D000561/D000665/D000281,단일,D000027,,"Simvastatin 혈중농도 증가, 횡문근융해를 비롯한 근육병증"
1064,병용금기,복합,D000673,D000561/D000665/D000281,단일,D000592,,"Triazolam 혈중농도 증가, 진정 또는 호흡 억제의 연장 또는 증가"
1065,병용금기,복합,D000673,D000561/D000665/D000281,단일,D000246,,"Sildenafil 혈중농도 증가, 병용투여 할 경우에는 Sildenafil의 투여용량이 25mg을 초과하지 않도록 하며, 48시간 내 재투여 금지"
1066,병용금기,복합,D000673,D000561/D000665/D000281,단일,D000181,,"Tadalafil 혈중농도 증가, 병용투여 할 경우에는 Tadalafil의 투여용량이 10mg을 초과하지 않도록 하며, 72시간 내 재투여 금지"
1067,병용금기,단일,D001075,,단일,D000334,,아수나프레비르에 대한 바이러스 반응의 소실을 유발 가능
1068,병용금기,단일,D000027,,단일,D000334,,혈중농도 상승 및 근육병증/횡문근융해증 위험성 증가
1069,병용금기,단일,D000219,,단일,D000334,,혈중농도 상승 및 근육병증/횡문근융해증 위험성 증가
1070,병용금기,단일,D000455,,단일,D000334,,혈중농도 상승 및 근육병증/횡문근융해증 위험성 증가
1071,병용금기,단일,D000419,,단일,D000334,,혈중농도 상승 및 근육병증/횡문근융해증 위험성 증가
1072,병용금기,단일,D000518,,단일,D000334,,혈중농도 상승 및 근육병증/횡문근융해증 위험성 증가
1073,병용금기,단일,D000760,,복합,D000718,D000442,기능적 신부전에 의해 유산 산성증 촉진
1074,병용금기,단일,D000760,,복합,D000718,D000600,기능적 신부전에 의해 유산 산성증 촉진
1075,병용금기,단일,D000760,,복합,D000718,D000690,기능적 신부전에 의해 유산 산성증 촉진
1076,병용금기,단일,D000760,,복합,D000718,D000392,기능적 신부전에 의해 유산 산성증 촉진
1077,병용금기,단일,D000760,,복합,D000718,D000418,기능적 신부전에 의해 유산 산성증 촉진
1078,병용금기,단일,D000760,,복합,D000718,D000445,기능적 신부전에 의해 유산 산성증 촉진
1079,병용금기,단일,D000760,,복합,D000718,D000117,기능적 신부전에 의해 유산 산성증 촉진
1080,병용금기,단일,D000760,,복합,D000718,D000157,기능적 신부전에 의해 유산 산성증 촉진
1081,병용금기,단일,D000831,,복합,D000718,D000442,기능적 신부전에 의해 유산 산성증 촉진
1082,병용금기,단일,D000760,,복합,D000718,D000219,기능적 신부전에 의해 유산 산성증 촉진
1083,병용금기,단일,D000760,,복합,D000718,D000109,기능적 신부전에 의해 유산 산성증 촉진
1084,병용금기,단일,D000760,,복합,D000718,D001008,기능적 신부전에 의해 유산 산성증 촉진
1085,병용금기,단일,D000760,,복합,D000718,D001328,기능적 신부전에 의해 유산 산성증 촉진
1086,병용금기,단일,D000760,,복합,D000718,D000244,기능적 신부전에 의해 유산 산성증 촉진
1087,병용금기,단일,D000760,,복합,D000718,D000455,기능적 신부전에 의해 유산 산성증 촉진
1088,병용금기,단일,D000760,,복합,D000718,D000670,기능적 신부전에 의해 유산 산성증 촉진
1089,병용금기,단일,D000831,,복합,D000718,D000600,기능적 신부전에 의해 유산 산성증 촉진
1090,병용금기,단일,D000831,,복합,D000718,D000690,기능적 신부전에 의해 유산 산성증 촉진
1091,병용금기,단일,D000831,,복합,D000718,D000392,기능적 신부전에 의해 유산 산성증 촉진
1092,병용금기,단일,D000831,,복합,D000718,D000418,기능적 신부전에 의해 유산 산성증 촉진
1093,병용금기,단일,D000831,,복합,D000718,D000219,기능적 신부전에 의해 유산 산성증 촉진
1094,병용금기,단일,D000831,,복합,D000718,D000445,기능적 신부전에 의해 유산 산성증 촉진
1095,병용금기,단일,D000831,,복합,D000718,D000109,기능적 신부전에 의해 유산 산성증 촉진
1096,병용금기,단일,D000831,,복합,D000718,D001008,기능적 신부전에 의해 유산 산성증 촉진
1097,병용금기,단일,D000831,,복합,D000718,D000117,기능적 신부전에 의해 유산 산성증 촉진
1098,병용금기,단일,D000831,,복합,D000718,D000244,기능적 신부전에 의해 유산 산성증 촉진
1099,병용금기,단일,D000831,,복합,D000718,D000157,기능적 신부전에 의해 유산 산성증 촉진
1100,병용금기,단일,D000831,,복합,D000718,D000670,기능적 신부전에 의해 유산 산성증 촉진
1101,병용금기,단일,D000669,,복합,D000718,D000442,기능적 신부전에 의해 유산 산성증 촉진
1102,병용금기,단일,D000831,,복합,D000718,D001328,기능적 신부전에 의해 유산 산성증 촉진
1103,병용금기,단일,D000831,,복합,D000718,D000455,기능적 신부전에 의해 유산 산성증 촉진
1104,병용금기,단일,D000669,,복합,D000718,D000600,기능적 신부전에 의해 유산 산성증 촉진
1105,병용금기,단일,D000669,,복합,D000718,D000690,기능적 신부전에 의해 유산 산성증 촉진
1106,병용금기,단일,D000669,,복합,D000718,D000392,기능적 신부전에 의해 유산 산성증 촉진
1107,병용금기,단일,D000669,,복합,D000718,D000418,기능적 신부전에 의해 유산 산성증 촉진
1108,병용금기,단일,D000669,,복합,D000718,D000219,기능적 신부전에 의해 유산 산성증 촉진
1109,병용금기,단일,D000669,,복합,D000718,D000445,기능적 신부전에 의해 유산 산성증 촉진
1110,병용금기,단일,D000669,,복합,D000718,D000109,기능적 신부전에 의해 유산 산성증 촉진
1111,병용금기,단일,D000669,,복합,D000718,D001008,기능적 신부전에 의해 유산 산성증 촉진
1112,병용금기,단일,D000669,,복합,D000718,D000117,기능적 신부전에 의해 유산 산성증 촉진
1113,병용금기,단일,D000669,,복합,D000718,D001328,기능적 신부전에 의해 유산 산성증 촉진
1114,병용금기,단일,D000669,,복합,D000718,D000244,기능적 신부전에 의해 유산 산성증 촉진
1115,병용금기,단일,D000669,,복합,D000718,D000455,기능적 신부전에 의해 유산 산성증 촉진
1116,병용금기,단일,D000669,,복합,D000718,D000157,기능적 신부전에 의해 유산 산성증 촉진
1117,병용금기,단일,D000669,,복합,D000718,D000670,기능적 신부전에 의해 유산 산성증 촉진
1118,병용금기,단일,D000364,,복합,D000718,D000442,기능적 신부전에 의해 유산 산성증 촉진
1119,병용금기,단일,D000364,,복합,D000718,D000600,기능적 신부전에 의해 유산 산성증 촉진
1120,병용금기,단일,D000364,,복합,D000718,D000690,기능적 신부전에 의해 유산 산성증 촉진
1121,병용금기,단일,D000364,,복합,D000718,D000392,기능적 신부전에 의해 유산 산성증 촉진
1122,병용금기,단일,D000364,,복합,D000718,D000418,기능적 신부전에 의해 유산 산성증 촉진
1123,병용금기,단일,D000364,,복합,D000718,D000219,기능적 신부전에 의해 유산 산성증 촉진
1124,병용금기,단일,D000364,,복합,D000718,D000445,기능적 신부전에 의해 유산 산성증 촉진
1125,병용금기,단일,D000364,,복합,D000718,D000109,기능적 신부전에 의해 유산 산성증 촉진
1126,병용금기,단일,D000364,,복합,D000718,D001008,기능적 신부전에 의해 유산 산성증 촉진
1127,병용금기,단일,D000364,,복합,D000718,D000117,기능적 신부전에 의해 유산 산성증 촉진
1128,병용금기,단일,D000364,,복합,D000718,D001328,기능적 신부전에 의해 유산 산성증 촉진
1129,병용금기,단일,D000364,,복합,D000718,D000244,기능적 신부전에 의해 유산 산성증 촉진
1130,병용금기,단일,D000364,,복합,D000718,D000455,기능적 신부전에 의해 유산 산성증 촉진
1131,병용금기,단일,D000364,,복합,D000718,D000157,기능적 신부전에 의해 유산 산성증 촉진
1132,병용금기,단일,D000364,,복합,D000718,D000670,기능적 신부전에 의해 유산 산성증 촉진
1133,병용금기,단일,D000267,,복합,D000718,D000442,기능적 신부전에 의해 유산 산성증 촉진
1134,병용금기,단일,D000267,,복합,D000718,D000600,기능적 신부전에 의해 유산 산성증 촉진
1135,병용금기,단일,D000267,,복합,D000718,D000690,기능적 신부전에 의해 유산 산성증 촉진
1136,병용금기,단일,D000267,,복합,D000718,D000392,기능적 신부전에 의해 유산 산성증 촉진
1137,병용금기,단일,D000267,,복합,D000718,D000418,기능적 신부전에 의해 유산 산성증 촉진
1138,병용금기,단일,D000267,,복합,D000718,D000219,기능적 신부전에 의해 유산 산성증 촉진
1139,병용금기,단일,D000267,,복합,D000718,D000445,기능적 신부전에 의해 유산 산성증 촉진
1140,병용금기,단일,D000267,,복합,D000718,D000109,기능적 신부전에 의해 유산 산성증 촉진
1141,병용금기,단일,D000267,,복합,D000718,D001008,기능적 신부전에 의해 유산 산성증 촉진
1142,병용금기,단일,D000267,,복합,D000718,D000117,기능적 신부전에 의해 유산 산성증 촉진
1143,병용금기,단일,D000267,,복합,D000718,D001328,기능적 신부전에 의해 유산 산성증 촉진
1144,병용금기,단일,D000267,,복합,D000718,D000244,기능적 신부전에 의해 유산 산성증 촉진
1145,병용금기,단일,D000267,,복합,D000718,D000157,기능적 신부전에 의해 유산 산성증 촉진
1146,병용금기,단일,D000267,,복합,D000718,D000455,기능적 신부전에 의해 유산 산성증 촉진
1147,병용금기,단일,D000267,,복합,D000718,D000670,기능적 신부전에 의해 유산 산성증 촉진
1148,병용금기,단일,D000761,,복합,D000718,D000442,기능적 신부전에 의해 유산 산성증 촉진
1149,병용금기,단일,D000761,,복합,D000718,D000600,기능적 신부전에 의해 유산 산성증 촉진
1150,병용금기,단일,D000761,,복합,D000718,D000690,기능적 신부전에 의해 유산 산성증 촉진
1151,병용금기,단일,D000761,,복합,D000718,D000392,기능적 신부전에 의해 유산 산성증 촉진
1152,병용금기,단일,D000761,,복합,D000718,D000418,기능적 신부전에 의해 유산 산성증 촉진
1153,병용금기,단일,D000761,,복합,D000718,D000219,기능적 신부전에 의해 유산 산성증 촉진
1154,병용금기,단일,D000761,,복합,D000718,D000445,기능적 신부전에 의해 유산 산성증 촉진
1155,병용금기,단일,D000761,,복합,D000718,D000109,기능적 신부전에 의해 유산 산성증 촉진
1156,병용금기,단일,D000761,,복합,D000718,D001008,기능적 신부전에 의해 유산 산성증 촉진
1157,병용금기,단일,D000761,,복합,D000718,D000117,기능적 신부전에 의해 유산 산성증 촉진
1158,병용금기,단일,D000761,,복합,D000718,D001328,기능적 신부전에 의해 유산 산성증 촉진
1159,병용금기,단일,D000761,,복합,D000718,D000244,기능적 신부전에 의해 유산 산성증 촉진
1160,병용금기,단일,D000761,,복합,D000718,D000455,기능적 신부전에 의해 유산 산성증 촉진
1161,병용금기,단일,D000761,,복합,D000718,D000157,기능적 신부전에 의해 유산 산성증 촉진
1162,병용금기,단일,D000761,,복합,D000718,D000670,기능적 신부전에 의해 유산 산성증 촉진
1163,병용금기,단일,D001329,,복합,D000718,D000442,기능적 신부전에 의해 유산 산성증 촉진
1164,병용금기,단일,D001329,,복합,D000718,D000600,기능적 신부전에 의해 유산 산성증 촉진
1165,병용금기,단일,D001329,,복합,D000718,D000690,기능적 신부전에 의해 유산 산성증 촉진
1166,병용금기,단일,D001329,,복합,D000718,D000392,기능적 신부전에 의해 유산 산성증 촉진
1167,병용금기,단일,D001329,,복합,D000718,D000418,기능적 신부전에 의해 유산 산성증 촉진
1168,병용금기,단일,D001329,,복합,D000718,D000219,기능적 신부전에 의해 유산 산성증 촉진
1169,병용금기,단일,D001329,,복합,D000718,D000445,기능적 신부전에 의해 유산 산성증 촉진
1170,병용금기,단일,D001329,,복합,D000718,D000109,기능적 신부전에 의해 유산 산성증 촉진
1171,병용금기,단일,D001329,,복합,D000718,D001008,기능적 신부전에 의해 유산 산성증 촉진
1172,병용금기,단일,D001329,,복합,D000718,D000117,기능적 신부전에 의해 유산 산성증 촉진
1173,병용금기,단일,D001329,,복합,D000718,D001328,기능적 신부전에 의해 유산 산성증 촉진
1174,병용금기,단일,D001329,,복합,D000718,D000244,기능적 신부전에 의해 유산 산성증 촉진
1175,병용금기,단일,D001329,,복합,D000718,D000455,기능적 신부전에 의해 유산 산성증 촉진
1176,병용금기,단일,D001329,,복합,D000718,D000157,기능적 신부전에 의해 유산 산성증 촉진
1177,병용금기,단일,D001329,,복합,D000718,D000670,기능적 신부전에 의해 유산 산성증 촉진
1178,병용금기,단일,D000032,,복합,D000718,D000442,기능적 신부전에 의해 유산 산성증 촉진
1179,병용금기,단일,D000032,,복합,D000718,D000600,기능적 신부전에 의해 유산 산성증 촉진
1180,병용금기,단일,D000032,,복합,D000718,D000690,기능적 신부전에 의해 유산 산성증 촉진
1181,병용금기,단일,D000032,,복합,D000718,D000392,기능적 신부전에 의해 유산 산성증 촉진
1182,병용금기,단일,D000032,,복합,D000718,D000418,기능적 신부전에 의해 유산 산성증 촉진
1183,병용금기,단일,D000032,,복합,D000718,D000219,기능적 신부전에 의해 유산 산성증 촉진
1184,병용금기,단일,D000032,,복합,D000718,D000445,기능적 신부전에 의해 유산 산성증 촉진
1185,병용금기,단일,D000032,,복합,D000718,D000109,기능적 신부전에 의해 유산 산성증 촉진
1186,병용금기,단일,D000032,,복합,D000718,D001008,기능적 신부전에 의해 유산 산성증 촉진
1187,병용금기,단일,D000032,,복합,D000718,D000117,기능적 신부전에 의해 유산 산성증 촉진
1188,병용금기,단일,D000032,,복합,D000718,D000244,기능적 신부전에 의해 유산 산성증 촉진
1189,병용금기,단일,D000032,,복합,D000718,D001328,기능적 신부전에 의해 유산 산성증 촉진
1190,병용금기,단일,D000032,,복합,D000718,D000455,기능적 신부전에 의해 유산 산성증 촉진
1191,병용금기,단일,D000032,,복합,D000718,D000157,기능적 신부전에 의해 유산 산성증 촉진
1192,병용금기,단일,D000032,,복합,D000718,D000670,기능적 신부전에 의해 유산 산성증 촉진
1193,병용금기,단일,D000165,,복합,D000718,D000442,기능적 신부전에 의해 유산 산성증 촉진
1194,병용금기,단일,D000165,,복합,D000718,D000600,기능적 신부전에 의해 유산 산성증 촉진
1195,병용금기,단일,D000165,,복합,D000718,D000690,기능적 신부전에 의해 유산 산성증 촉진
1196,병용금기,단일,D000165,,복합,D000718,D000392,기능적 신부전에 의해 유산 산성증 촉진
1197,병용금기,단일,D000165,,복합,D000718,D000418,기능적 신부전에 의해 유산 산성증 촉진
1198,병용금기,단일,D000165,,복합,D000718,D000219,기능적 신부전에 의해 유산 산성증 촉진
1199,병용금기,단일,D000165,,복합,D000718,D000445,기능적 신부전에 의해 유산 산성증 촉진
1200,병용금기,단일,D000165,,복합,D000718,D000109,기능적 신부전에 의해 유산 산성증 촉진
1201,병용금기,단일,D000165,,복합,D000718,D001008,기능적 신부전에 의해 유산 산성증 촉진
1202,병용금기,단일,D000165,,복합,D000718,D000117,기능적 신부전에 의해 유산 산성증 촉진
1203,병용금기,단일,D000165,,복합,D000718,D001328,기능적 신부전에 의해 유산 산성증 촉진
1204,병용금기,단일,D000165,,복합,D000718,D000244,기능적 신부전에 의해 유산 산성증 촉진
1205,병용금기,단일,D000165,,복합,D000718,D000455,기능적 신부전에 의해 유산 산성증 촉진
1206,병용금기,단일,D000165,,복합,D000718,D000157,기능적 신부전에 의해 유산 산성증 촉진
1207,병용금기,단일,D000165,,복합,D000718,D000670,기능적 신부전에 의해 유산 산성증 촉진
1208,병용금기,단일,D000448,,단일,D000698,,"고혈압, 빈맥 유발"
1209,병용금기,복합,D000316,D000448,단일,D000698,,"고혈압, 빈맥 유발"
1210,병용금기,복합,D000080,D000260/D000483,단일,D000623,,해당 약물 병용 시 gimeracil에 의해 fluoropyrimidine 계열 약물의 대사가 감소하여 항암제의 독성이 증가 gimeracil/oteracil/tegafur 투여 중 및 종료 후 7일 간 해당 성분 투여 금기
1211,병용금기,복합,D000080,D000260/D000483,단일,D000768,,해당 약물 병용 시 gimeracil에 의해 fluoropyrimidine 계열 약물의 대사가 감소하여 항암제의 독성이 증가 gimeracil/oteracil/tegafur 투여 중 및 종료 후 7일 간 해당 성분 투여 금기
1212,병용금기,복합,D000080,D000260/D000483,단일,D000504,,해당 약물 병용 시 gimeracil에 의해 fluoropyrimidine 계열 약물의 대사가 감소하여 항암제의 독성이 증가 gimeracil/oteracil/tegafur 투여 중 및 종료 후 7일 간 해당 성분 투여 금기
1213,병용금기,복합,D000546,D000067,단일,D000716,,신세뇨관에서 methotrexate 배설이 지연되어 methotrexate의 혈액학적 독성 증가
1214,병용금기,복합,D001362,D001363,단일,D000150,,Glecaprevir의 혈장 농도가 유의하게 증가하여 ALT 상승 위험 증가 가능
1215,병용금기,복합,D001362,D001363,단일,D000455,,횡문근융해증을 비롯한 근육질환 등 중증 이상반응
1216,병용금기,복합,D001362,D001363,단일,D000027,,횡문근융해증을 비롯한 근육질환 등 중증 이상반응
1217,병용금기,복합,D001362,D001363,단일,D000476,,Glecaprevir와 Pibrentasvir의 혈장 농도가 유의하게 감소하여 이 약의 바이러스학적 반응 감소 가능
1218,병용금기,복합,D001362,D001363,단일,D000595,,Glecaprevir와 Pibrentasvir의 혈장 농도가 유의하게 감소하여 이 약의 바이러스학적 반응 감소 가능
1219,병용금기,복합,D001362,D001363,단일,D000314,,Glecaprevir와 Pibrentasvir의 혈장 농도가 유의하게 감소하여 이 약의 바이러스학적 반응 감소 가능
1220,병용금기,복합,D001362,D001363,단일,D000447,,Glecaprevir와 Pibrentasvir의 혈장 농도가 유의하게 감소하여 이 약의 바이러스학적 반응 감소 가능
1221,병용금기,단일,D001364,,단일,D000213,,"QT 연장, 심실성 빈맥, 심실세동 및 torsades de pointes 등 심독성위험 증가"
1222,병용금기,단일,D001364,,복합,D000747,D000852,"맥각독성(혈관경련, 말단 및 기타조직 허혈 등) 위험 증가"
1223,병용금기,단일,D001364,,단일,D000228,,"맥각독성(혈관경련, 말단 및 기타조직 허혈 등) 위험 증가"
1224,병용금기,복합,D001365,D001366,단일,D000314,,Netupitant의 혈중농도 감소
1225,병용금기,단일,D001367,,단일,D000150,,위장 pH의 증가로 atazanavir의 흡수가 저하되어 atazanavir의 치료효과 감소
1226,병용금기,단일,D001367,,단일,D000225,,위장 pH의 증가로 rilpivirine의 흡수가 저하되어 rilpivirine의 치료효과 감소
1227,병용금기,단일,D001367,,복합,D000225,D000986,위장 pH의 증가로 rilpivirine의 흡수가 저하되어 rilpivirine의 치료효과 감소
1228,병용금기,단일,D000113,,단일,D000170,,QT간격 연장 위험 증가
1229,병용금기,단일,D000417,,단일,D000259,,"심실성 부정맥, 서맥, 심장 전도장애를 포함한 심장 부정맥 위험성 증가"
1230,병용금기,단일,D001558,,단일,D000467,,메플로퀸은 발프로산의 대사를 증가시키며 경련 효과를 가지고 있으므로 병용투여 시 간질성 발작이 일어날 수 있음
1231,병용금기,단일,D001559,,단일,D001456,,"신장 손상 악화, 저칼슘혈증이 일어날 수 있음"
1232,병용금기,단일,D001560,,단일,D000397,,아연 흡수를 저해하거나 배출을 증가시킴
1233,병용금기,단일,D001561,,단일,D001261,,출혈 위험 증가
1234,병용금기,단일,D001561,,단일,D001347,,출혈 위험 증가
1235,병용금기,단일,D001407,,단일,D000481,,"중등도 이상의 눈부심, 홍채염 등의 안염증이 유발될 우려가 있음"
1236,병용금기,단일,D001407,,복합,D000481,D000684,"중등도 이상의 눈부심, 홍채염 등의 안염증이 유발될 우려가 있음"
1237,병용금기,복합,D001419,D000665/D001420,단일,D000028,,양쪽 약물 모두 혈장농도 상승 가능
1238,병용금기,복합,D001419,D000665/D001420,단일,D000615,,"라미부딘이 엠트리시타빈의 세포내 인산화를 저해할 수도 있음, 동일한 역전사효소 유전자(M184V) 변이를 통해 바이러스 내성 기전이 일어나므로 병용 시 치료 효과가 제한적일 수 있음"
1239,병용금기,단일,D001562,,단일,D000762,,라놀라진의 혈장 농도 증가
1240,병용금기,복합,D001563,D000615/D001564,단일,D000028,,뉴클레오시드 유사체 단독투여 또는 다른 항레트로바이러스제를 병용투여했을 때 치명적인 사례를 포함한 유산산증과 지방증을 동반한 중증 간비대가 보고됨
1241,병용금기,복합,D001171,D001172,단일,D000150,,그라조프레비르의 혈장 농도가 유의하게 증가하여 ALT 상승 위험 증가 가능
1242,병용금기,복합,D001419,D000665/D001420,복합,D000615,D000654,"라미부딘이 엠트리시타빈의 세포내 인산화를 저해할 수도 있음, 동일한 역전사효소 유전자(M184V) 변이를 통해 바이러스 내성 기전이 일어나므로 병용 시 치료 효과가 제한적일 수 있음"
1243,병용금기,복합,D001419,D000665/D001420,복합,D000615,D000986,"라미부딘이 엠트리시타빈의 세포내 인산화를 저해할 수도 있음, 동일한 역전사효소 유전자(M184V) 변이를 통해 바이러스 내성 기전이 일어나므로 병용 시 치료 효과가 제한적일 수 있음"
1244,병용금기,복합,D001419,D000665/D001420,복합,D000615,D000172,"라미부딘이 엠트리시타빈의 세포내 인산화를 저해할 수도 있음, 동일한 역전사효소 유전자(M184V) 변이를 통해 바이러스 내성 기전이 일어나므로, 병용 시 치료 효과가 제한적일 수 있음"
1245,병용금기,복합,D001419,D000665/D001420,복합,D000615,D000654/D000986,"라미부딘이 엠트리시타빈의 세포내 인산화를 저해할 수도 있음, 동일한 역전사효소 유전자(M184V) 변이를 통해 바이러스 내성 기전이 일어나므로 병용 시 치료 효과가 제한적일 수 있음"
1246,병용금기,단일,D000113,,단일,D000781,,QT간격 연장 위험 증가
1247,병용금기,복합,D000718,D000600,단일,D000831,,기능적 신부전에 의해 유산 산성증 촉진
1248,병용금기,복합,D000718,D000109,단일,D000165,,기능적 신부전에 의해 유산 산성증 촉진
1249,병용금기,복합,D000718,D000002,단일,D000669,,기능적 신부전에 의해 유산 산성증 촉진
1250,병용금기,복합,D000718,D000244,단일,D000831,,기능적 신부전에 의해 유산 산성증 촉진
1251,병용금기,복합,D000718,D000244,단일,D000832,,기능적 신부전에 의해 유산 산성증 촉진
1252,병용금기,단일,D000592,,단일,D000712,,"진정작용의 연장 또는 증가, 호흡 저하"
1253,병용금기,단일,D000592,,복합,D000712,D000626,"진정작용의 연장 또는 증가, 호흡 저하"
1254,병용금기,단일,D000161,,단일,D000447,,이리노테칸 활성 대사물(SN-38)의 혈중 농도가 저하되어 작용 감소
1255,병용금기,단일,D000139,,단일,D001035,,"고혈압 위기의 위험 증가, 투여중지 후 MAO 억제제인 다른 약물을 투여하기까지 적어도 14일 이상 사이를 두어야 함"
1256,병용금기,복합,D000455,D000152,단일,D000334,,"근육통, 근육약화, 근염, 때때로 횡문근 변성을 포함한 근육독성 촉진 가능"
1257,병용금기,복합,D000455,D000152,단일,D000762,,"근육병증, 횡문근융해증, 간효소 이상 발생 위험 증가"
1258,병용금기,복합,D000455,D000350,단일,D000769,,근질환 위험 증가
1259,병용금기,복합,D000455,D000350,단일,D000405,,횡문근융해증 발생 가능
1260,병용금기,단일,D000306,,단일,D000619,,"횡문근융해증, 근무력증, 동통 발생 가능"
1261,병용금기,단일,D000419,,단일,D000619,,"근육병증, 횡문근융해 위험 증가 가능"
1262,병용금기,단일,D000419,,복합,D000673,D000150,횡문근 융해를 포함한 근육병과 같은 중대한 반응 가능
1263,병용금기,복합,D000455,D000152,단일,D000769,,근질환 위험 증가
1264,병용금기,복합,D000455,D000152,단일,D000405,,횡문근융해증 발생 가능
1265,병용금기,복합,D000455,D000152,복합,D001362,D001363,횡문근융해증을 포함한 근육병증 위험 가능
1266,병용금기,복합,D000455,D000350,단일,D000762,,"근육병증, 횡문근융해증, 간효소 이상 발생 위험 증가"
1267,병용금기,복합,D000455,D000350,단일,D000334,,"근육통, 근육약화, 근염, 때때로 횡문근 변성을 포함한 근육독성 촉진 가능"
1268,병용금기,단일,D000419,,복합,D000673,D000395,근육병증과 같은 이상사례 초래 가능
1269,병용금기,단일,D000518,,단일,D000619,,신기능 악화를 수반하는 횡문근융해증 발현 가능
1270,병용금기,복합,D000518,D000350,단일,D000334,,신기능 악화를 수반하는 횡문근융해증 발현 가능
1271,병용금기,복합,D000518,D000350,단일,D000619,,횡문근융해증을 포함한 근육 관련 이상반응 보고
1272,병용금기,복합,D000455,D000350,복합,D001362,D001363,횡문근융해증을 포함한 근육병증 위험 가능
1273,병용금기,복합,D000455,D000046,단일,D000334,,"근육병증, 횡문근융해 위험 증가 가능"
1274,병용금기,복합,D000455,D000046,단일,D000762,,"근육병증, 횡문근융해 위험 증가 가능"
1275,병용금기,복합,D000455,D000046,단일,D000769,,"근육병증, 횡문근융해 위험 증가 가능"
1276,병용금기,복합,D000455,D000046,단일,D000405,,"근육병증, 횡문근융해 위험 증가 가능"
1277,병용금기,복합,D000455,D000046,복합,D001362,D001363,횡문근융해증을 포함한 근육병증 위험 가능
1278,병용금기,복합,D000518,D000011,단일,D000334,,"근육통, 근육약화, 근염, 때때로 횡문근 변성을 포함한 근육독성 촉진 가능"
1279,병용금기,복합,D000518,D000011,단일,D000619,,"횡문근융해증, 근무력증, 동통 발생 가능"
1280,병용금기,단일,D000305,,단일,D000619,,"횡문근융해증, 근무력증, 동통 발생 가"
1281,병용금기,단일,D000219,,단일,D000619,,횡문근융해증을 포함한 근육 관련 이상반응 보고
1282,병용금기,복합,D000455,D000624,단일,D000619,,횡문근융해와 같은 중증의 근육이상 보고
1283,병용금기,복합,D000455,D000624,단일,D000334,,"근육병증, 횡문근융해 위험 증가 가능"
1284,병용금기,복합,D000455,D000624,단일,D000762,,"근육병증, 횡문근융해 위험 증가 가능"
1285,병용금기,복합,D000455,D000624,단일,D000405,,"근육병증, 횡문근융해 위험 증가 가능"
1286,병용금기,복합,D000455,D000624,복합,D001362,D001363,횡문근융해증을 포함한 근육병증 위험 가능
1287,병용금기,복합,D000455,D000718,단일,D000619,,횡문근융해와 같은 중증의 근육이상 보고
1288,병용금기,복합,D000219,D000273,단일,D000334,,"근육통, 근육약화, 근염, 때때로 횡문근 변성을 포함한 근육독성 촉진 가능"
1289,병용금기,복합,D000219,D000273,단일,D000619,,횡문근융해증을 포함한 근육 관련 이상반응 보고
1290,병용금기,복합,D000219,D000273,복합,D001072,D001071,횡문근융해증을 포함한 근육병증 위험 증가 가능
1291,병용금기,복합,D000455,D000718,단일,D000334,,"근육병증, 횡문근융해 위험 증가 가능"
1292,병용금기,복합,D000455,D000718,단일,D000762,,"근육병증, 횡문근융해 위험 증가 가능"
1293,병용금기,복합,D000455,D000718,단일,D000769,,"근육병증, 횡문근융해 위험 증가 가능"
1294,병용금기,복합,D000455,D000718,단일,D000405,,"근육병증, 횡문근융해 위험 증가 가능"
1295,병용금기,복합,D000455,D000718,복합,D001362,D001363,횡문근융해증을 포함한 근육병증 위험 가능
1296,병용금기,복합,D000219,D000350,단일,D000334,,"근육통, 근육약화, 근염, 때때로 횡문근 변성을 포함한 근육독성 촉진 가능"
1297,병용금기,복합,D000219,D000350,단일,D000619,,횡문근융해증을 포함한 근육 관련 이상반응 보
1298,병용금기,복합,D000219,D000350,복합,D001072,D001071,횡문근융해증을 포함한 근육병증 위험 증가 가능
1299,병용금기,복합,D000455,D001688,단일,D000619,,횡문근융해와 같은 중증의 근육이상 보고
1300,병용금기,복합,D000455,D001688,단일,D000334,,"근육병증, 횡문근융해 위험 증가 가능"
1301,병용금기,복합,D000455,D001688,단일,D000762,,"근육병증, 횡문근융해 위험 증가 가능"
1302,병용금기,복합,D000455,D001688,단일,D000769,,"근육병증, 횡문근융해 위험 증가 가능"
1303,병용금기,복합,D000455,D001688,단일,D000405,,"근육병증, 횡문근융해 위험 증가 가능"
1304,병용금기,복합,D000455,D001688,복합,D001362,D001363,횡문근융해증을 포함한 근육병증 위험 가능
1305,병용금기,복합,D000219,D000624,단일,D000334,,"근육통, 근육약화, 근염, 때때로 횡문근 변성을 포함한 근육독성 촉진 가능"
1306,병용금기,복합,D000219,D000624,단일,D000619,,횡문근융해증을 포함한 근육 관련 이상반응 보고
1307,병용금기,복합,D000219,D000624,복합,D001072,D001071,횡문근융해증을 포함한 근육병증 위험 증가 가능
1308,병용금기,복합,D000455,D000152/D000273,단일,D000619,,횡문근융해와 같은 중증의 근육이상 보고
1309,병용금기,복합,D000455,D000152/D000273,단일,D000334,,"근육병증, 횡문근융해 위험 증가 능"
1310,병용금기,복합,D000455,D000152/D000273,단일,D000762,,"근육병증, 횡문근융해 위험 증가 가능"
1311,병용금기,복합,D000455,D000152/D000273,단일,D000769,,"근육병증, 횡문근융해 위험 증가 가능"
1312,병용금기,복합,D000219,D000670,단일,D000334,,"근육통, 근육약화, 근염, 때때로 횡문근 변성을 포함한 근육독성 촉진 가능"
1313,병용금기,복합,D000219,D000670,단일,D000619,,횡문근융해증을 포함한 근육 관련 이상반응 보고
1314,병용금기,복합,D000219,D000670,복합,D001072,D001071,횡문근융해증을 포함한 근육병증 위험 증가 가능
1315,병용금기,복합,D000455,D000152/D000273,복합,D001362,D001363,횡문근융해증을 포함한 근육병증 위험 가능
1316,병용금기,복합,D000455,D000152/D000011,단일,D000619,,횡문근융해와 같은 중증의 근육이상 보고
1317,병용금기,복합,D000455,D000152/D000011,단일,D000334,,"근육병증, 횡문근융해 위험 증가 가능"
1318,병용금기,복합,D000455,D000152/D000011,단일,D000762,,"근육병증, 횡문근융해 위험 증가 가능"
1319,병용금기,복합,D000219,D000718,단일,D000619,,횡문근융해증을 포함한 근육 관련 이상반응 보고
1320,병용금기,복합,D000219,D000785,단일,D000334,,"근육통, 근육약화, 근염, 때때로 횡문근 변성을 포함한 근육독성 촉진 가능"
1321,병용금기,복합,D000219,D000785,단일,D000619,,횡문근융해증을 포함한 근육 관련 이상반응 보고
1322,병용금기,복합,D000455,D000152/D000011,단일,D000769,,"근육병증, 횡문근융해 위험 증가 가능"
1323,병용금기,복합,D000455,D000152/D000011,단일,D000405,,"근육병증, 횡문근융해 위험 증가 가능"
1324,병용금기,복합,D000455,D000152/D000011,복합,D001362,D001363,횡문근융해증을 포함한 근육병증 위험 가능
1325,병용금기,복합,D000518,D000686,단일,D000334,,신기능 악화를 수반하는 횡문근융해증 발현 가능
1326,병용금기,복합,D000219,D000785,복합,D001072,D001071,횡문근융해증을 포함한 근육병증 위험 증가 가능
1327,병용금기,복합,D000219,D000972,단일,D000619,,횡문근융해증을 포함한 근육 관련 이상반응 보고
1328,병용금기,복합,D000219,D000972,복합,D001072,D001071,횡문근융해증을 포함한 근육병증 위험 증가 가능
1329,병용금기,복합,D000219,D001688,단일,D000334,,"근육통, 근육약화, 근염, 때때로 횡문근 변성을 포함한 근육독성 촉진 가능"
1330,병용금기,복합,D000518,D000686,단일,D000619,,"횡문근융해증, 근무력증, 동통 발생 가능"
1331,병용금기,복합,D000305,D000686,단일,D000619,,횡문근융해증을 포함한 근육 관련 이상반응 보고
1332,병용금기,복합,D000219,D000152,단일,D000334,,"근육통, 근육약화, 근염, 때때로 횡문근 변성을 포함한 근육독성 촉진 가능"
1333,병용금기,복합,D000219,D000152,복합,D001072,D001071,횡문근융해증을 포함한 근육병증 위험 증가 가능
1334,병용금기,복합,D000219,D000718,단일,D000334,,"근육통, 근육약화, 근염, 때때로 횡문근 변성을 포함한 근육독성 촉진 가능"
1335,병용금기,복합,D000219,D000718,복합,D001072,D001071,횡문근융해증을 포함한 근육병증 위험 증가 가능
1336,병용금기,복합,D000219,D001688,단일,D000619,,횡문근융해증을 포함한 근육 관련 이상반응 보고
1337,병용금기,복합,D000219,D001688,복합,D001072,D001071,횡문근융해증을 포함한 근육병증 위험 증가 가능
1338,병용금기,복합,D000219,D000485,단일,D000334,,"근육통, 근육약화, 근염, 때때로 횡문근 변성을 포함한 근육독성 촉진 가능"
1339,병용금기,복합,D000219,D000972,단일,D000334,,"근육통, 근육약화, 근염, 때때로 횡문근 변성을 포함한 근육독성 촉진 가능"
1340,병용금기,복합,D000219,D000485,단일,D000619,,"횡문근융해증, 근무력증, 동통 발생 가능"
1341,병용금기,복합,D000219,D000485,복합,D001072,D001071,횡문근융해증을 포함한 근육병증 위험 증가 가능
1342,병용금기,복합,D000219,D000011,단일,D000334,,"근육통, 근육약화, 근염, 때때로 횡문근 변성을 포함한 근육독성 촉진 가능"
1343,병용금기,복합,D000219,D000011,단일,D000619,,횡문근융해증을 포함한 근육 관련 이상반응 보고
1344,병용금기,복합,D000219,D000011,복합,D001072,D001071,횡문근융해증을 포함한 근육병증 위험 증가 가능
1345,병용금기,복합,D000219,D000152/D000624,단일,D000334,,"근육통, 근육약화, 근염, 때때로 횡문근 변성을 포함한 근육독성 촉진 가능"
1346,병용금기,복합,D000219,D000350/D000485,단일,D000334,,"근육통, 근육약화, 근염, 때때로 횡문근 변성을 포함한 근육독성 촉진 가능"
1347,병용금기,복합,D000219,D000350/D000485,단일,D000619,,횡문근융해증을 포함한 근육 관련 이상반응 보고
1348,병용금기,복합,D000219,D000350/D000485,복합,D001072,D001071,횡문근융해증을 포함한 근육병증 위험 증가 가능
1349,병용금기,단일,D000027,,복합,D000673,D000150,횡문근 융해를 포함한 근육병과 같은 중대한 반응 가능
1350,병용금기,복합,D000219,D000152/D000624,단일,D000619,,횡문근융해증을 포함한 근육 관련 이상반응 보고
1351,병용금기,복합,D000219,D000152/D000624,복합,D001072,D001071,횡문근융해증을 포함한 근육병증 위험 증가 가능
1352,병용금기,복합,D000219,D000152/D000972,단일,D000334,,"근육통, 근육약화, 근염, 때때로 횡문근 변성을 포함한 근육독성 촉진 가능"
1353,병용금기,복합,D000219,D000152/D000972,단일,D000619,,횡문근융해증을 포함한 근육 관련 이상반응 보고
1354,병용금기,복합,D000219,D000152/D000972,복합,D001072,D001071,횡문근융해증을 포함한 근육병증 위험 증가 가능
1355,병용금기,단일,D000027,,복합,D000673,D000395,근육병증과 같은 이상사례 초래 가능
1356,병용금기,복합,D000027,D000152,단일,D000405,,횡문근융해증 발생 가능
1357,병용금기,복합,D000027,D000152,단일,D000712,,횡문근융해를 포함한 근육병증 위험 가능
1358,병용금기,복합,D000219,D000152/D000485,단일,D000334,,"근육통, 근육약화, 근염, 때때로 횡문근 변성을 포함한 근육독성 촉진 가능"
1359,병용금기,복합,D000219,D000152/D000485,단일,D000619,,횡문근융해증을 포함한 근육 관련 이상반응 보고
1360,병용금기,복합,D000219,D000152/D000485,복합,D001072,D001071,횡문근융해증을 포함한 근육병증 위험 증가 가능
1361,병용금기,복합,D000219,D000152/D000011,단일,D000334,,"근육통, 근육약화, 근염, 때때로 횡문근 변성을 포함한 근육독성 촉진 가능"
1362,병용금기,복합,D000219,D000152/D000011,단일,D000619,,횡문근융해증을 포함한 근육 관련 이상반응 보고
1363,병용금기,복합,D000027,D000350,단일,D000334,,"근육통, 근육약화, 근염, 때때로 횡문근 변성을 포함한 근육독성 촉진 가능"
1364,병용금기,복합,D000027,D000350,복합,D000673,D000150,횡문근융해를 포함한 근육병증 위험 가능
1365,병용금기,복합,D000027,D000350,복합,D000673,D000395,근병증의 위험 증가 가능
1366,병용금기,복합,D000027,D000350,복합,D001362,D001363,근병증의 위험 증가 가능
1367,병용금기,복합,D000219,D000152/D000011,복합,D001072,D001071,횡문근융해증을 포함한 근육병증 위험 증가 가능
1368,병용금기,복합,D000219,D000152/D000220,단일,D000334,,"근육통, 근육약화, 근염, 때때로 횡문근 변성을 포함한 근육독성 촉진 가능"
1369,병용금기,복합,D000219,D000152/D000220,단일,D000619,,횡문근융해증을 포함한 근육 관련 이상반응 보고
1370,병용금기,복합,D000219,D000152/D000220,복합,D001072,D001071,횡문근융해증을 포함한 근육병증 위험 증가 가능
1371,병용금기,복합,D000027,D000350,복합,D000673,D000561/D000665/D000281,횡문근융해를 포함한 근육병증 위험 가능
1372,병용금기,복합,D000027,D000350,복합,D001650,D000712,횡문근융해증을 포함하는 근육병증 가능
1373,병용금기,단일,D001723,,단일,D000246,,혈관확장작용 증가로 저혈압 효과 상승
1374,병용금기,단일,D000181,,단일,D001723,,혈압강하작용 증가
1375,병용금기,복합,D000219,D000152/D000350/D000220,단일,D000334,,"근육통, 근육약화, 근염, 때때로 횡문근 변성을 포함한 근육독성 촉진 가능"
1376,병용금기,복합,D000219,D000152/D000350/D000220,단일,D000619,,횡문근융해증을 포함한 근육 관련 이상반응 보고
1377,병용금기,복합,D000219,D000152/D000350/D000220,복합,D001072,D001071,횡문근융해증을 포함한 근육병증 위험 증가 가능
1378,병용금기,복합,D000219,D000152/D000350/D000485,단일,D000334,,"근육통, 근육약화, 근염, 때때로 횡문근 변성을 포함한 근육독성 촉진 가능"
1379,병용금기,단일,D000569,,단일,D001723,,혈압강하작용 증가
1380,병용금기,단일,D000434,,단일,D001723,,혈압강하작용 증가
1381,병용금기,단일,D000128,,단일,D001723,,혈압강하작용 증가
1382,병용금기,단일,D000737,,단일,D001723,,혈압강하작용 증가
1383,병용금기,복합,D000219,D000152/D000350/D000485,단일,D000619,,횡문근융해증을 포함한 근육 관련 이상반응 보고
1384,병용금기,복합,D000219,D000152/D000350/D000485,복합,D001072,D001071,횡문근융해증을 포함한 근육병증 위험 증가 가능
1385,병용금기,복합,D000027,D000152,단일,D000334,,"근병증, 횡문근융해 위험성 증가 가능"
1386,병용금기,복합,D000027,D000152,단일,D000619,,근병증의 위험 증가 가능
1387,병용금기,복합,D000027,D000152,단일,D000762,,근병증의 위험 증가 가능
1388,병용금기,단일,D001724,,단일,D001725,,두 약제는 동일 계열
1389,병용금기,단일,D000695,,복합,D000150,D000673,아타자나비르의 혈중농도 감소
1390,병용금기,단일,D000153,,복합,D000150,D000673,아타자나비르의 혈중농도 감소
1391,병용금기,복합,D000153,D000195,단일,D000150,,아타자나비르의 혈중농도 감소
1392,병용금기,복합,D000027,D000152,단일,D000769,,근병증의 위험 증가 가능
1393,병용금기,복합,D000027,D000152,단일,D000373,,횡문근융해증 보고
1394,병용금기,복합,D000027,D000152/D000152,단일,D000150,,횡문근융해증을 비롯한 근육질한 위험성 증가 가능
1395,병용금기,복합,D000027,D000152,단일,D000395,,횡문근융해를 포함한 근질환의 위험 가능
1396,병용금기,복합,D000027,D000152,복합,D001362,D001363,근병증의 위험 증가 가능
1397,병용금기,복합,D000027,D000152,복합,D000626,D000712,횡문근융해를 포함한 근육병증 위험 가능
1398,병용금기,복합,D000153,D000195,복합,D000150,D000673,아타자나비르의 혈중농도 감소
1399,병용금기,복합,D000153,D001511,단일,D000150,,아타자나비르의 혈중농도 감소
1400,병용금기,복합,D000153,D001511,단일,D000225,,위장 pH의 증가로 릴피비린의 흡수가 저하되어 릴피비린의 치료효과 감소
1401,병용금기,복합,D000027,D000152,복합,D000673,D000150,횡문근융해를 포함한 근육병증 위험 가능
1402,병용금기,복합,D000027,D000152,복합,D000673,D000395,근병증의 위험 증가 가능
1403,병용금기,복합,D000027,D000152,복합,D000673,D000561/D000665/D000281,횡문근융해를 포함한 근육병증 위험 가능
1404,병용금기,복합,D000027,D000152,복합,D001650,D000712,횡문근융해증을 포함하는 근육병증 가능
1405,병용금기,단일,D001722,,단일,D000246,,혈관확장작용 증가로 저혈압 효과 상승
1406,병용금기,단일,D000181,,단일,D001722,,혈압강하작용 증가
1407,병용금기,복합,D000153,D001514,단일,D000150,,아타자나비르의 혈중농도 감소
1408,병용금기,복합,D000153,D001514,단일,D000225,,위장 pH의 증가로 릴피비린의 흡수가 저하되어 릴피비린의 치료효과 감소
1409,병용금기,단일,D000168,,복합,D000150,D000673,아타자나비르의 혈중농도 감
1410,병용금기,단일,D000569,,단일,D001722,,혈압강하작용 증가
1411,병용금기,단일,D000434,,단일,D001722,,혈압강하작용 증가
1412,병용금기,단일,D000128,,단일,D001722,,혈압강하작용 증가
1413,병용금기,단일,D000737,,단일,D001722,,혈압강하작용 증가
1414,병용금기,복합,D000153,D001511,복합,D000150,D000673,아타자나비르의 혈중농도 감소
1415,병용금기,복합,D000153,D001148,단일,D000150,,아타자나비르의 혈중농도 감소
1416,병용금기,단일,D000699,,복합,D000150,D000673,아타자나비르의 혈중농도 감소
1417,병용금기,복합,D000699,D001511,단일,D000150,,아타자나비르의 혈중농도 감소
1418,병용금기,복합,D000699,D001511,복합,D000150,D000673,아타자나비르의 혈중농도 감소
1419,병용금기,복합,D000153,D001148,복합,D000150,D000673,아타자나비르의 혈중농도 감소
1420,병용금기,복합,D000153,D001148,단일,D000225,,위장 pH의 증가로 릴피비린의 흡수가 저하되어 릴피비린의 치료효과 감소
1421,병용금기,복합,D000153,D001514,복합,D000150,D000673,아타자나비르의 혈중농도 감소
1422,병용금기,복합,D000699,D001511,단일,D000225,,위장 pH의 증가로 릴피비린의 흡수가 저하되어 릴피비린의 치료효과 감소
1423,병용금기,단일,D000469,,복합,D000150,D000673,아타자나비르의 혈중농도 감소
1424,병용금기,단일,D000386,,복합,D000150,D000673,아타자나비르의 혈중농도 감소
1425,병용금기,단일,D000204,,복합,D000150,D000673,아타자나비르의 혈중농도 감소
1426,병용금기,단일,D000751,,단일,D000150,,아타자나비르의 혈중농도 감소
1427,병용금기,단일,D000751,,복합,D000150,D000673,아타자나비르의 혈중농도 감소
1428,병용금기,복합,D000469,D001148,단일,D000150,,아타자나비르의 혈중농도 감소
1429,병용금기,복합,D000469,D001148,복합,D000150,D000673,아타자나비르의 혈중농도 감소
1430,병용금기,복합,D000204,D001148,단일,D000150,,아타자나비르의 혈중농도 감소
1431,병용금기,복합,D000204,D001148,복합,D000150,D000673,아타자나비르의 혈중농도 감소
1432,병용금기,복합,D000204,D001148,단일,D000225,,위장 pH의 증가로 릴피비린의 흡수가 저하되어 릴피비린의 치료효과 감소