1,단일,D000762,,단일,D000027,,횡문근융해증
2,단일,D000762,,단일,D000592,,triazolam 의 약리학적 효과 및 작용(수면유도 및 진정작용 등의 중추신경 억제 효과) 증가
3,단일,D000353,,단일,D000139,,"세로토닌성 증후군(고혈압, 고열, 간대성 근경련, 정신상태 변화 등)"
4,단일,D000139,,단일,D000336,,"세로토닌성 증후군 (고열, 간대성근경련, 정신상태 변화등)"
5,단일,D000660,,단일,D000762,,"alprazolam의 혈장농도 증가, 수면 및 진정작용 증강 및 연장"
6,단일,D000455,,단일,D000769,,근육병증
7,복합,D000747,D001266,단일,D000650,,혈압상승 및 맥각독성(말초혈관수축증가) 위험
8,단일,D000202,,단일,D000628,,"맥각독성(혈관경련, 말단 및 기타조직 허혈)위험증가"
9,단일,D000762,,단일,D000419,,횡문근융해증
10,단일,D000769,,단일,D000419,,횡문근융해증을 비롯한 근육질환 등 중증 이상반응
11,단일,D000019,,단일,D000716,,간 독성
12,단일,D000660,,단일,D000769,,"alprazolam의 혈장농도 증가, 수면 및 진정작용 증강 및 연장"
13,단일,D000540,,단일,D000139,,혈압상승
14,단일,D000373,,단일,D000719,,심실부정맥(Torsade de pointes)
15,단일,D000202,,단일,D000650,,"혈압 상승 및 에르고티즘(말초혈관수축 증가, 경련, 사지허혈) 위험 증가"
16,단일,D000503,,단일,D000758,,두개내 고혈압
17,단일,D000255,,단일,D000413,,"피리독신은 신경독성을 현저하게 감소시켰으나 반응기간에는 역효과, 알트레타민의 치료효과 감소"
18,단일,D000256,,단일,D000719,,QT연장 등
19,단일,D000758,,단일,D000127,,테트라사이클린 가성뇌종양 보고
20,단일,D000758,,단일,D000064,,테트라사이클린 가성뇌종양 보고
21,단일,D000758,,단일,D000754,,테트라사이클린 가성뇌종양 보고
22,복합,D000426,D000338,단일,D000719,,심실부정맥(Torsade de pointes)
23,단일,D000323,,단일,D000139,,"구역, 구토, 안면홍조, 어지러움, 진전, 산동, 강직, 발한, 고온증, 심장지표의 빠른 변화, 자율신경계의 불안정, 정신상태의 변화"
24,단일,D000719,,단일,D000628,,"말초혈관경련, 사지허혈, 감각이상등"
25,단일,D000259,,단일,D000022,,심실부정맥(Torsade de pointes) 위험 증가
26,단일,D000259,,단일,D000256,,심실부정맥(Torsade de pointes) 위험 증가
27,단일,D000259,,단일,D000513,,심실부정맥(Torsade de pointes) 위험 증가
28,단일,D000452,,단일,D000716,,혈액학적 독성
29,단일,D000373,,단일,D000213,,"pimozide의 혈중농도 상승, QT연장"
30,단일,D000256,,단일,D000213,,QT연장 등
31,단일,D000256,,단일,D000770,,병용을 하여도 항균작용이 증가되지 않음
32,단일,D000256,,단일,D000678,,병용을 하여도 항균작용이 증가되지 않음
33,단일,D000256,,단일,D000713,,병용을 하여도 항균작용이 증가되지 않음
34,단일,D000517,,단일,D000592,,triazolam 의 약리학적 효과 및 작용증가
35,단일,D000113,,단일,D000560,,혈압강하효과
36,단일,D000363,,단일,D000716,,혈액학적 독성
37,단일,D000762,,단일,D000007,,midazolam 의 약리학적 효과 및 작용(수면유도 및 진정작용 등의 중추신경 억제 효과) 증가
38,단일,D000762,,단일,D000213,,QT 간격 연장 및 심실부정맥(Torsade de pointes) 위험 증가
39,단일,D000769,,단일,D000007,,midazolam 의 약리학적 효과 및 작용증가
40,단일,D000769,,단일,D000592,,triazolam 의 약리학적 효과 및 작용증가
41,단일,D000429,,단일,D000139,,심각한 혈압저하 위험 증가
42,단일,D000414,,단일,D000256,,심실성빈맥(Torsade de pointes)
43,단일,D000429,,단일,D000650,,수마트립탄의 혈장농도 증가
44,단일,D000781,,단일,D000560,,혈압강하효과
45,단일,D000139,,단일,D000516,,"세로토닌성 증후군 (고혈압, 고열, 경련, 정신상태 변화등)"
46,단일,D000027,,단일,D000769,,"근병증, 횡문근융해의 위험증가"
47,단일,D000027,,단일,D000256,,"근병증, 횡문근융해의 위험증가"
48,단일,D000027,,단일,D000373,,"근병증, 횡문근융해의 위험증가"
49,단일,D000060,,단일,D000716,,혈액학적 독성
50,단일,D000592,,단일,D000256,,triazolam 의 약리학적 효과 및 작용증가
51,단일,D000249,,단일,D000065,,신결석
52,단일,D000274,,단일,D000739,,중증의 위장관계 이상반응
53,단일,D000274,,단일,D000138,,중증의 위장관계 이상반응
54,단일,D000274,,단일,D000086,,중증의 위장관계 이상반응
55,단일,D000274,,단일,D000463,,중증의 위장관계 이상반응
56,단일,D000455,,단일,D000762,,근육병증
57,단일,D000274,,단일,D000506,,중증의 위장관계 이상반응
58,단일,D000274,,단일,D000071,,중증의 위장관계 이상반응
59,단일,D000274,,단일,D000705,,중증의 위장관계 이상반응
60,단일,D000274,,단일,D000230,,중증의 위장관계 이상반응
61,단일,D000274,,단일,D000427,,중증의 위장관계 이상반응
62,단일,D000274,,단일,D000081,,중증의 위장관계 이상반응
63,단일,D000274,,단일,D000060,,중증의 위장관계 이상반응
64,단일,D000429,,단일,D000448,,교감신경흥분제의 작용 증강 또는 연장
65,단일,D000213,,단일,D000362,,QT연장
66,단일,D000213,,단일,D000466,,QT연장
67,단일,D000027,,단일,D000763,,횡문근융해증을 비롯한 근육질환 등 중증 이상반응
68,단일,D000027,,복합,D000626,D000712,횡문근융해증을 비롯한 근육질환 등 중증 이상반응
69,단일,D000027,,단일,D000003,,횡문근융해증을 비롯한 근육질환 등 중증 이상반응
70,단일,D000027,,단일,D000712,,횡문근융해증을 비롯한 근육질환 등 중증 이상반응
71,단일,D000031,,단일,D000298,,중증의 위장관계 이상반응
72,단일,D000017,,단일,D000006,,"진통효과 감소, 금단증상 위험"
73,단일,D000298,,단일,D000575,,중증의 위장관계 이상반응
74,단일,D000672,,단일,D000142,,경련
75,단일,D000274,,단일,D000702,,출혈 및 프로트롬빈시간 연장
76,단일,D000211,,단일,D000298,,중증의 위장관계 이상반응
77,단일,D000650,,단일,D000277,,세로토닌 증후군
78,단일,D000650,,단일,D000747,,상가적인 혈관경련
79,단일,D000650,,단일,D000059,,세로토닌 증후군
80,단일,D000019,,단일,D000503,,두개내압 증가
81,단일,D000019,,단일,D000127,,두개내압 증가
82,단일,D000019,,단일,D000754,,두개내압 증가
83,단일,D000019,,단일,D000064,,두개내압 증가
84,단일,D000259,,단일,D000712,,"부정맥, 혈액장애, 발작 등 중대한 이상반응"
85,단일,D000259,,단일,D000429,,"근독성, 간질, 세로토닌성 증후군(고혈압, 고열, 간대성 근경련, 정신상태 변화 등)"
86,단일,D000248,,단일,D000139,,"세로토닌성 증후군(고혈압, 고열, 간대성 근경련, 정신상태 변화 등)"
87,단일,D000657,,단일,D000429,,"교감신경흥분제의 작용 증강 또는 연장(고혈압, 빈맥 등)"
88,단일,D000657,,단일,D000139,,"교감신경흥분제의 작용 증강 또는 연장(고혈압, 빈맥 등)"
89,단일,D000150,,단일,D000202,,"맥각독성(말초혈관 경련, 사지와 기타 조직의 허혈, 감각이상 등) 위험 증가"
90,단일,D000150,,단일,D000747,,"맥각독성(말초혈관 경련, 사지와 기타 조직의 허혈, 감각이상 등) 위험 증가"
91,단일,D000150,,단일,D000419,,횡문근융해증을 비롯한 근육질환 등 중증 이상반응
92,단일,D000150,,단일,D000228,,"맥각독성(말초혈관 경련, 사지와 기타 조직의 허혈, 감각이상 등) 위험 증가"
93,단일,D000150,,단일,D000213,,"QT 연장, 심실성 빈맥, 심실세동 및 torsades de pointes 등 심독성위험 증가"
94,단일,D000150,,단일,D000027,,횡문근융해증을 비롯한 근육질환 등 중증 이상반응
95,단일,D000641,,단일,D000429,,"교감신경흥분제의 작용 증강 또는 연장(고혈압, 빈맥 등)"
96,단일,D000641,,단일,D000139,,"교감신경흥분제의 작용 증강 또는 연장(고혈압, 빈맥 등)"
97,단일,D000476,,단일,D000429,,"고혈압, 저혈압, 발한을 동반한 심각한 중추신경계 이상반응(현기, 진전, 발작 등)"
98,단일,D000476,,단일,D000139,,"고혈압, 저혈압, 발한을 동반한 심각한 중추신경계 이상반응(현기, 진전, 발작 등)"
99,단일,D000476,,단일,D000443,,혈중농도가 저하되어 보리코나졸의 약물효과 감소
100,단일,D000332,,단일,D000429,,"세로토닌성 증후군(고혈압, 고열, 간대성 근경련, 정신상태 변화 등)"
101,단일,D000277,,단일,D000429,,"근독성, 간질, 세로토닌성 증후군(고혈압, 고열, 간대성 근경련, 정신상태 변화 등)"
102,단일,D000202,,단일,D000558,,"맥각독성(말초혈관 경련, 사지와 기타 조직의 허혈, 감각이상 등) 위험 증가"
103,단일,D000202,,단일,D000256,,"맥각독성(말초혈관 경련, 사지와 기타 조직의 허혈, 감각이상 등) 위험 증가"
104,단일,D000202,,단일,D000763,,"맥각독성(말초혈관 경련, 사지와 기타 조직의 허혈, 감각이상 등) 위험 증가"
105,단일,D000202,,단일,D000762,,"맥각독성(말초혈관 경련, 사지와 기타 조직의 허혈, 감각이상 등) 위험 증가"
106,단일,D000202,,단일,D000003,,"맥각독성(말초혈관 경련, 사지와 기타 조직의 허혈, 감각이상 등) 위험 증가"
107,단일,D000202,,단일,D000712,,"맥각독성(말초혈관 경련, 사지와 기타 조직의 허혈, 감각이상 등) 위험 증가"
108,단일,D000202,,단일,D000443,,"맥각독성(말초혈관 경련, 사지와 기타 조직의 허혈, 감각이상 등) 위험 증가"
109,단일,D000202,,단일,D000171,,"상가적인 혈관수축반응, 현저한 혈압상승"
110,단일,D000501,,단일,D000429,,"근독성, 간질, 세로토닌성 증후군(고혈압, 고열, 간대성 근경련, 정신상태 변화 등)"
111,단일,D000501,,단일,D000139,,"근독성, 간질, 세로토닌성 증후군(고혈압, 고열, 간대성 근경련, 정신상태 변화 등)"
112,단일,D000558,,단일,D000007,,과도한 진정작용
113,단일,D000558,,단일,D000443,,"현저하게 voriconazole 혈장농도 감소, efavirenz 혈장농도 증가"
114,단일,D000747,,단일,D000763,,"맥각독성(말초혈관 경련, 사지와 기타 조직의 허혈, 감각이상 등) 위험 증가"
115,단일,D000747,,단일,D000762,,"맥각독성(말초혈관 경련, 사지와 기타 조직의 허혈, 감각이상 등) 위험 증가"
116,단일,D000747,,단일,D000003,,"맥각독성(말초혈관 경련, 사지와 기타 조직의 허혈, 감각이상 등) 위험 증가"
117,단일,D000747,,단일,D000712,,"맥각독성(말초혈관 경련, 사지와 기타 조직의 허혈, 감각이상 등) 위험 증가"
118,단일,D000747,,단일,D000443,,"맥각독성(말초혈관 경련, 사지와 기타 조직의 허혈, 감각이상 등) 위험 증가"
119,단일,D000516,,단일,D000429,,"세로토닌성 증후군(고혈압, 고열, 간대성 근경련, 정신상태 변화 등)"
120,단일,D000800,,단일,D000429,,"세로토닌성 증후군(고혈압, 고열, 간대성 근경련, 정신상태 변화 등)"
121,단일,D000800,,단일,D000139,,"세로토닌성 증후군(고혈압, 고열, 간대성 근경련, 정신상태 변화 등)"
122,단일,D000800,,단일,D000187,,"장기화된 저혈압, 졸음, 현기증 및 정신운동능력 감소"
123,단일,D000362,,단일,D000429,,"근독성, 간질, 세로토닌성 증후군(고혈압, 고열, 간대성 근경련, 정신상태 변화 등)"
124,단일,D000362,,단일,D000139,,"근독성, 간질, 세로토닌성 증후군(고혈압, 고열, 간대성 근경련, 정신상태 변화 등)"
125,단일,D000763,,단일,D000007,,과도한 진정작용
126,단일,D000763,,단일,D000314,,혈중농도 저하로 항레트로바이러스 약물효과 감소
127,단일,D000760,,단일,D000718,,기능적 신부전에 의해 유산 산성증 촉진
128,단일,D000669,,단일,D000718,,기능적 신부전에 의해 유산 산성증 촉진
129,단일,D000364,,단일,D000718,,기능적 신부전에 의해 유산 산성증 촉진
130,단일,D000761,,단일,D000718,,기능적 신부전에 의해 유산 산성증 촉진
131,단일,D000572,,단일,D000246,,혈관확장작용 증가로 저혈압 효과 상승
132,단일,D000762,,단일,D000228,,"맥각독성(말초혈관 경련, 사지와 기타 조직의 허혈, 감각이상 등) 위험 증가"
133,단일,D000228,,단일,D000003,,"맥각독성(말초혈관 경련, 사지와 기타 조직의 허혈, 감각이상 등) 위험 증가"
134,단일,D000228,,단일,D000712,,"맥각독성(말초혈관 경련, 사지와 기타 조직의 허혈, 감각이상 등) 위험 증가"
135,단일,D000228,,단일,D000650,,"상가적인 혈관수축반응, 현저한 혈압상승"
136,단일,D000228,,단일,D000171,,"상가적인 혈관수축반응, 현저한 혈압상승"
137,단일,D000229,,단일,D000429,,고혈압성 위기(현저한 혈압상승)
138,단일,D000229,,단일,D000139,,고혈압성 위기(현저한 혈압상승)
139,단일,D000323,,단일,D000429,,"구역, 구토, 안면홍조, 어지러움, 진전, 산동, 강직, 발한, 고온증, 심장지표의 빠른 변화와 함께 자율신경계의 불안정, 정신상태의 변화"
140,단일,D000429,,단일,D000466,,"근독성, 간질, 세로토닌성 증후군(고혈압, 고열, 간대성 근경련, 정신상태 변화 등)"
141,단일,D000429,,단일,D000353,,"세로토닌성 증후군(고혈압, 고열, 간대성 근경련, 정신상태 변화 등)"
142,단일,D000429,,단일,D000700,,"아편계 약물의 효과 증강. 혼수, 중증의 호흡 억제"
143,단일,D000429,,단일,D000336,,"세로토닌성 증후군(고혈압, 고열, 간대성 근경련, 정신상태 변화 등)"
144,단일,D000429,,단일,D000638,,"세로토닌성 증후군(고혈압, 고열, 간대성 근경련, 정신상태 변화 등)"
145,단일,D000530,,단일,D000246,,혈압강하작용 증강
146,단일,D000287,,단일,D000650,,"상가적인 혈관수축반응, 현저한 혈압상승"
147,단일,D000287,,단일,D000171,,"상가적인 혈관수축반응, 현저한 혈압상승"
148,단일,D000003,,단일,D000314,,혈중농도 저하로 항레트로바이러스 약물효과 감소
149,단일,D000498,,단일,D000246,,혈관확장작용 증가로 저혈압 효과 상승
150,단일,D000466,,단일,D000139,,"근독성, 간질, 세로토닌성 증후군(고혈압, 고열, 간대성 근경련, 정신상태 변화 등)"
151,단일,D000700,,단일,D000139,,"아편계 약물의 효과 증강. 혼수, 중증의 호흡 억제"
152,단일,D000213,,단일,D000712,,"QT 연장, 심실성 빈맥, 심실세동 및 torsades de pointes 등 심독성위험 증가"
153,단일,D000213,,단일,D000443,,"QT 연장, 심실성 빈맥, 심실세동 및 torsades de pointes 등 심독성위험 증가"
154,단일,D000314,,단일,D000443,,혈중농도가 저하되어 보리코나졸의 약물효과 감소
155,단일,D000139,,단일,D000638,,"세로토닌성 증후군(고혈압, 고열, 간대성 근경련, 정신상태 변화 등)"
156,단일,D000650,,단일,D000171,,"상가적인 혈관수축반응, 현저한 혈압상승"
157,단일,D000274,,단일,D000031,,중증의 위장관계 이상반응
158,단일,D000274,,단일,D000452,,중증의 위장관계 이상반응
159,단일,D000274,,단일,D000675,,중증의 위장관계 이상반응
160,단일,D000274,,단일,D000298,,중증의 위장관계 이상반응
161,단일,D000274,,단일,D000363,,중증의 위장관계 이상반응
162,단일,D000274,,단일,D000575,,중증의 위장관계 이상반응
163,단일,D000274,,단일,D000672,,중증의 위장관계 이상반응
164,단일,D000274,,단일,D000115,,중증의 위장관계 이상반응
165,단일,D000274,,단일,D000083,,중증의 위장관계 이상반응
166,단일,D000274,,단일,D000262,,중증의 위장관계 이상반응
167,단일,D000274,,단일,D000309,,중증의 위장관계 이상반응
168,단일,D000274,,단일,D000544,,중증의 위장관계 이상반응
169,단일,D000274,,단일,D000644,,중증의 위장관계 이상반응
170,단일,D000343,,단일,D000238,,항콜린작용 증가
171,단일,D000343,,단일,D000584,,항콜린작용 증가
172,단일,D000343,,단일,D000781,,amantadine의 효과 저해
173,단일,D000144,,단일,D000664,,anastrozole의 약리작용 감소
174,단일,D000144,,단일,D000679,,anastrozole의 혈장농도 감소
175,단일,D000238,,단일,D000541,,"지발성 운동장애 촉진, bromocryptine의 작용감약"
176,단일,D000238,,단일,D000560,,혈압강하
177,단일,D000540,,단일,D000429,,혈압상승
178,단일,D000584,,단일,D000560,,혈압강하
179,단일,D000276,,단일,D000560,,혈압강하
180,단일,D000332,,단일,D000213,,QT간격 연장
181,단일,D000477,,단일,D000560,,부정맥 또는 심정지
182,단일,D000334,,단일,D000279,,신독성 증가
183,단일,D000155,,단일,D000429,,"고혈압, 빈맥 유발"
184,단일,D000155,,단일,D000560,,부정맥 또는 심정지 유도
185,단일,D000155,,단일,D000139,,"고혈압, 빈맥 유발"
186,단일,D000070,,단일,D000560,,부정맥 또는 심정지 유도
187,단일,D000212,,단일,D000719,,심실성부정맥
188,단일,D000267,,단일,D000718,,급성신부전
189,단일,D000165,,단일,D000718,,급성신부전
190,단일,D000268,,단일,D000718,,급성신부전
191,단일,D000759,,단일,D000560,,부정맥 또는 심정지 유도
192,단일,D000758,,단일,D000488,,비타민A 과잉증
193,단일,D000769,,단일,D000265,,효소유도로 인한 ketoconazole의 혈중농도 저하
194,단일,D000769,,단일,D000314,,효소유도로 인한 ketoconazole의 혈중농도 저하
195,단일,D000274,,단일,D000696,,"상가적인 위장관 궤양, 출혈의 위험"
196,단일,D000274,,단일,D000525,,"상가적인 위장관 궤양, 출혈의 위험"
197,단일,D000274,,단일,D000703,,"상가적인 위장관 궤양, 출혈의 위험"
198,단일,D000274,,단일,D000766,,"상가적인 위장관 궤양, 출혈의 위험"
199,단일,D000320,,단일,D000783,,출혈성 궤양대장염과 장괴사
200,단일,D000120,,단일,D000567,,warfarin의 항응고효과 감소
201,단일,D000719,,단일,D000426,,mizolastine의 혈중농도 상승
202,단일,D000429,,단일,D000200,,"경련, 반사항진, 이상고열, 혼수 등"
203,단일,D000429,,단일,D000006,,"경련, 반사항진, 이상고열, 혼수 등"
204,단일,D000429,,단일,D000773,,"세로토닌 작용에 의한 증후군(중추흥분, 설사, 빈맥, 땀, 진전, 혼동, 혼수 등) 야기"
205,단일,D000196,,단일,D000762,,nisoldipine의 혈중농도 상승
206,단일,D000196,,단일,D000769,,nisoldipine의 혈중농도 상승
207,단일,D000755,,단일,D000541,,bromocriptine mesylate 혈중농도 상승
208,단일,D000261,,단일,D000656,,항콜린 작용 증가
209,단일,D000513,,단일,D000030,,심실성 부정맥(특히 torsades de pointes) 위험 증가
210,단일,D000514,,단일,D000560,,부정맥 또는 심정지 유도
211,단일,D000448,,단일,D000429,,"고혈압, 빈맥 유발"
212,단일,D000448,,단일,D000139,,"고혈압, 빈맥 유발"
213,단일,D000314,,단일,D000164,,isradipine의 혈장농도 저하
214,단일,D000314,,단일,D000197,,nifedipine의 혈장농도 저하
215,단일,D000314,,단일,D000196,,nisoldipine의 작용 약화
216,단일,D000628,,단일,D000213,,심실부정맥(Torsades de pointes 포함)등의 심혈관계 이상반응
217,단일,D000139,,단일,D000018,,bupropion의 급성독성 증가
218,단일,D000139,,단일,D000242,,"고혈압, 저혈압, 발한을 동반한 심각한 중추신경계 이상반응(현기, 진전, 발작등)"
219,단일,D000139,,단일,D000200,,"경련, 반사항진, 이상고열, 혼수 등"
220,단일,D000139,,단일,D000006,,"경련, 반사항진, 이상고열, 혼수 등"
221,단일,D000139,,단일,D000650,,"동맥 고혈압, 관상동맥 수축"
222,단일,D000139,,단일,D000773,,"세로토닌 작용에 의한 증후군(중추흥분, 설사, 빈맥, 땀, 진전, 혼동, 혼수 등) 야기"
223,단일,D000246,,단일,D000215,,혈압강하작용 증가
224,단일,D000246,,단일,D000787,,혈압강하작용 증가
225,단일,D000279,,단일,D000159,,고칼륨혈증
226,단일,D000279,,단일,D000731,,고칼륨혈증
227,단일,D000181,,단일,D000530,,혈압강하작용 증가
228,단일,D000181,,단일,D000215,,혈압강하작용 증가
229,단일,D000181,,단일,D000787,,혈압강하작용 증가
230,단일,D000521,,단일,D000560,,부정맥 또는 심정지 유도
231,단일,D000778,,단일,D000541,,bromocryptine의 효과 저해
232,단일,D000181,,단일,D000572,,혈압강하작용 증가
233,단일,D000488,,단일,D000503,,두개내 고혈압
234,단일,D000488,,단일,D000754,,두개내 고혈압
235,단일,D000488,,단일,D000064,,두개내 고혈압
236,단일,D000753,,단일,D000560,,혈압강하
237,단일,D000569,,단일,D000572,,혈압강하작용 증가
238,단일,D000569,,단일,D000530,,혈압강하작용 증가
239,단일,D000569,,단일,D000215,,혈압강하작용 증가
240,단일,D000569,,단일,D000787,,혈압강하작용 증가
241,단일,D000434,,단일,D000530,,혈압강하작용 증가
242,단일,D000434,,단일,D000215,,혈압강하작용 증가
243,단일,D000434,,단일,D000787,,혈압강하작용 증가
244,단일,D000434,,단일,D000572,,혈압강하작용 증가
245,단일,D000030,,단일,D000259,,심실성 부정맥(특히 torsades de pointes)
246,단일,D000202,,단일,D000745,,"혈압상승 및 맥각독성(혈관경련, 말단 및 기타조직 허혈)"
247,단일,D000256,,단일,D000419,,횡문근융해증/근육병증 및 이에 수반되는 급격한 신기능악화
248,단일,D000202,,단일,D000373,,"맥각독성(혈관경련, 말단 및 기타조직 허혈)"
249,단일,D000763,,단일,D000259,,"부정맥, 혈액장애, 경련등"
250,단일,D000690,,단일,D000015,,간독성 및 간효소치 상승
251,단일,D000007,,단일,D000712,,"진정작용의 연장 또는 증가, 호흡저하"
252,단일,D000003,,단일,D000259,,"부정맥, 혈액장애, 경련등"
253,단일,D000418,,단일,D000076,,혈당강하 작용 증강
254,단일,D000712,,단일,D000212,,"부정맥, 혈액장애, 경련등"
255,단일,D000187,,단일,D000142,,"저혈압에 의해 졸음, 현기증 및 정신운동능력 감소"
256,단일,D000469,,단일,D000150,,아타자나비어 효과감소 및 내성발현
257,단일,D000259,,단일,D000719,,"QT 연장, 심실성 부정맥"
258,단일,D000395,,단일,D000202,,사지 및 기타조직의 말초 혈관경련 및 허혈로 나타나는 급성 맥각 중독과 같은 중대한 그리고/또는 생명을 위협하는 반응
259,단일,D000517,,단일,D000202,,"맥각독성(혈관경련, 말단 및 기타조직 허혈)"
260,단일,D000007,,단일,D000150,,진정작용이나 호흡억제를 증가 또는 연장
261,단일,D000082,,단일,D000759,,"심부정맥, 경우에 따라 심정지"
262,단일,D000137,,단일,D000560,,부정맥 또는 심정지
263,단일,D000181,,단일,D000498,,혈압강하작용 증강
264,단일,D000434,,단일,D000498,,혈압강하작용 증강
265,단일,D000213,,단일,D000035,,QT 간격 연장
266,단일,D000213,,단일,D000516,,QT 간격 연장
267,단일,D000213,,단일,D000800,,QT 간격 연장
268,단일,D000213,,단일,D000353,,QT 간격 연장
269,단일,D000213,,단일,D000336,,QT 간격 연장
270,단일,D000141,,단일,D000795,,"세로토닌 증후군(간대성 근경련, 진전, 편무도병, 조화운동불능, 말더듬증 고열, 정신상태 변화등)"
271,단일,D000141,,단일,D000701,,"세로토닌 증후군(간대성 근경련, 진전, 편무도병, 조화운동불능, 말더듬증 고열, 정신상태 변화등)"
272,단일,D000141,,단일,D000505,,"세로토닌 증후군(간대성 근경련, 진전, 편무도병, 조화운동불능, 말더듬증 고열, 정신상태 변화등)"
273,단일,D000141,,단일,D000714,,"세로토닌 증후군(간대성 근경련, 진전, 편무도병, 조화운동불능, 말더듬증 고열, 정신상태 변화등)"
274,단일,D000569,,단일,D000498,,혈압강하작용 증강
275,단일,D000128,,단일,D000498,,혈압강하작용 증강
276,복합,D000747,D001266,단일,D000628,,"맥각독성(혈관경련, 말단 및 기타조직 허혈)"
277,단일,D000128,,단일,D000572,,혈압강하작용 증강
278,복합,D000747,D001266,단일,D000256,,"맥각독성(혈관경련, 말단 및 기타조직 허혈)"
279,복합,D000747,D001266,단일,D000373,,"맥각독성(혈관경련, 말단 및 기타조직 허혈)"
280,복합,D000747,D001266,단일,D000171,,"약리적 상가작용에 의해, 혈압 상승 및 맥각중독(에르고티즘)(말초혈관수축 증가)의 위험성을 증가"
281,단일,D000552,,단일,D000429,,"고열, 경직, 간대성근경련, 정신상태 변화 등"
282,단일,D000552,,단일,D000139,,"고열, 경직, 간대성근경련, 정신상태 변화 등"
283,단일,D000277,,단일,D000139,,"고혈압위기, 이상고열증, 근간대경련, 격월성 발작, 정신착란, 혼수 등"
284,단일,D000505,,단일,D000429,,고혈압위기 유발
285,단일,D000505,,단일,D000139,,고혈압위기 유발
286,단일,D000792,,단일,D000429,,중추 흥분상태 증가
287,단일,D000792,,단일,D000139,,중추 흥분상태 증가
288,단일,D000714,,단일,D000429,,혈압상승 위험 유발
289,단일,D000714,,단일,D000139,,혈압상승 위험 유발
290,단일,D000701,,단일,D000429,,혈압상승 위험
291,단일,D000701,,단일,D000139,,혈압상승 위험
292,단일,D000795,,단일,D000429,,혈압상승 위험
293,단일,D000795,,단일,D000139,,혈압상승 위험
294,단일,D000811,,단일,D000429,,혈압변동의 위험
295,단일,D000811,,단일,D000139,,혈압변동의 위험
296,단일,D000171,,단일,D000429,,졸미트립탄의 혈중농도 증가
297,단일,D000745,,복합,D000747,D000852,"상가적인 혈관수축반응, 혈압상승"
298,단일,D000745,,단일,D000287,,"상가적인 혈관수축반응, 혈압상승"
299,단일,D000745,,단일,D000650,,"상가적인 혈관수축반응, 혈압상승"
300,단일,D000745,,단일,D000171,,"상가적인 혈관수축반응, 혈압상승"
301,단일,D000505,,단일,D000701,,판막심장병 위험
302,단일,D000505,,단일,D000795,,판막심장병 위험
303,단일,D000505,,단일,D000714,,판막심장병 위험
304,단일,D000701,,단일,D000795,,판막심장병 위험
305,단일,D000701,,단일,D000714,,판막심장병 위험
306,단일,D000795,,단일,D000714,,판막심장병 위험
307,단일,D000007,,단일,D000395,,"진정작용의 증가 및 연장, 호흡저하판막심장병 위험"
308,단일,D000007,,복합,D000626,D000712,"진정작용의 증가 및 연장, 호흡저하판막심장병 위험"
309,단일,D000007,,단일,D000003,,"진정작용의 증가 및 연장, 호흡저하판막심장병 위험"
310,단일,D000178,,단일,D000712,,과도한 진정 및 호흡억제
311,단일,D000377,,단일,D000059,,리튬독성증강
312,단일,D000202,,복합,D000626,D000712,"맥각독성(혈관경련, 말단 및 기타조직 허혈 등) 위험 증가"
313,단일,D000202,,단일,D000405,,"맥각독성(혈관경련, 말단 및 기타조직 허혈 등) 위험 증가"
314,단일,D000202,,복합,D000747,D000852,"맥각독성(혈관경련, 말단 및 기타조직 허혈 등) 위험 증가"
315,단일,D000202,,단일,D000742,,"맥각독성(혈관경련, 말단 및 기타조직 허혈 등) 위험 증가"
316,단일,D000699,,단일,D000150,,아타자나비르의 혈중농도 감소
317,단일,D000153,,단일,D000150,,아타자나비르의 혈중농도 감소
318,단일,D000204,,단일,D000150,,아타자나비르의 혈중농도 감소
319,단일,D000301,,단일,D000150,,아타자나비르의 혈중농도 감소
320,단일,D000386,,단일,D000150,,아타자나비르의 혈중농도 감소
321,단일,D000168,,단일,D000150,,아타자나비르의 혈중농도 감소
322,단일,D000084,,단일,D000003,,다폭세틴 농도 상승
323,단일,D000125,,단일,D000560,,부정맥 또는 심정지
324,단일,D000185,,단일,D000560,,부정맥 또는 심정지
325,단일,D000137,,단일,D000082,,부정맥 또는 심정지
326,단일,D000070,,단일,D000082,,부정맥 또는 심정지
327,단일,D000477,,단일,D000082,,부정맥 또는 심정지
328,단일,D000125,,단일,D000082,,부정맥 또는 심정지
329,단일,D000514,,단일,D000082,,부정맥 또는 심정지
330,단일,D000185,,단일,D000082,,부정맥 또는 심정지
331,단일,D000521,,단일,D000082,,부정맥 도는 심정지
332,단일,D000155,,단일,D000082,,부정맥 또는 심정지
333,단일,D000084,,단일,D000429,,"세로토닌성 증후군(고혈압, 고열, 간대성 근경련, 정신상태 변화 등)"
334,단일,D000084,,단일,D000139,,"세로토닌성 증후군(고혈압, 고열, 간대성 근경련, 정신상태 변화 등)"
335,단일,D000084,,단일,D000650,,"세로토닌성 증후군(고혈압, 고열, 간대성 근경련, 정신상태 변화 등)"
336,단일,D000246,,단일,D000181,,동일계열 병용투여 금기
337,단일,D000246,,단일,D000569,,동일계열 병용투여 금기
338,단일,D000246,,단일,D000434,,동일계열 병용투여 금기
339,단일,D000246,,단일,D000128,,동일계열 병용투여 금기
340,단일,D000569,,단일,D000181,,동일계열 병용투여 금기
341,단일,D000128,,단일,D000181,,동일계열 병용투여 금기
342,단일,D000128,,단일,D000569,,동일계열 병용투여 금기
343,단일,D000128,,단일,D000434,,동일계열 병용투여 금기
344,단일,D000434,,단일,D000181,,동일계열 병용투여 금기
345,단일,D000434,,단일,D000569,,동일계열 병용투여 금기
346,단일,D000029,,단일,D000777,,혈전형성
347,단일,D000590,,단일,D000777,,혈전형성
348,단일,D000520,,단일,D000777,,혈전형성
349,단일,D000600,,단일,D000324,,저혈당 또는 혼수
350,단일,D000604,,단일,D000798,,신독성 및 청각독성증강
351,단일,D000075,,단일,D000798,,신독성 및 청각독성증강
352,단일,D000322,,단일,D000202,,"맥각독성(혈관경련, 말단 및 기타조직 허혈 등) 위험 증가"
353,단일,D000322,,복합,D000747,D000852,"맥각독성(혈관경련, 말단 및 기타조직 허혈 등) 위험 증가"
354,단일,D000517,,복합,D000747,D000852,"맥각독성(혈관경련, 말단 및 기타조직 허혈 등) 위험 증가"
355,단일,D000395,,복합,D000747,D000852,"맥각독성(혈관경련, 말단 및 기타조직 허혈 등) 위험 증가"
356,단일,D000405,,복합,D000747,D001266,"맥각독성(혈관경련, 말단 및 기타조직 허혈 등) 위험 증가"
357,단일,D000742,,복합,D000747,D000852,"맥각독성(혈관경련, 말단 및 기타조직 허혈 등) 위험 증가"
358,단일,D000558,,복합,D000747,D000852,"맥각독성(혈관경련, 말단 및 기타조직 허혈 등) 위험 증가"
359,단일,D000338,,단일,D000719,,심실운동 특히 Torsade de pointes에 대한 위험 증가
360,단일,D000158,,단일,D000758,,두개내 고혈압
361,단일,D000127,,단일,D000488,,두개내 고혈압
362,단일,D000158,,단일,D000019,,두개내 고혈압
363,단일,D000712,,단일,D000020,,신경학적 또는 기타 독성의 빈도 및 강도가 증가
364,단일,D000763,,단일,D000419,,횡문근융해증/근육병증 및 이에 수반되는 급격한 신기능악화
365,단일,D000712,,단일,D000419,,횡문근융해증/근육병증 및 이에 수반되는 급격한 신기능악화
366,단일,D000003,,단일,D000419,,횡문근융해증/근육병증 및 이에 수반되는 급격한 신기능악화
367,단일,D000405,,단일,D000027,,근병증 및 횡문근융해
368,단일,D000405,,단일,D000419,,근병증 및 횡문근융해
369,단일,D000151,,단일,D000581,,고칼슘혈증
370,단일,D000151,,단일,D000175,,고칼슘혈증
371,단일,D000151,,단일,D000188,,고칼슘혈증
372,단일,D000581,,단일,D000175,,고칼슘혈증
373,단일,D000581,,단일,D000188,,고칼슘혈증
374,단일,D000175,,단일,D000188,,고칼슘혈증
375,단일,D000565,,단일,D000731,,고칼륨혈증
376,단일,D000565,,단일,D000159,,고칼륨혈증
377,단일,D000028,,단일,D000281,,신장청소율을 감소시켜 양쪽 약물 모두 혈장농도 상승
378,단일,D000150,,단일,D000161,,"골수기능 억제,설사 등 부작용 증강"
379,단일,D000696,,단일,D000142,,경련 발생
380,단일,D000020,,복합,D000626,D000712,Blonanserin 농도의 증가로 신경학적 또는 기타의 독성 가능성 증가
381,단일,D000202,,단일,D000407,,혈압상승 및 맥각독성(말초혈관수축 증가)의 위험성 증가
382,복합,D000747,D000852,단일,D000407,,"맥각독성(혈관경련, 말단 및 기타조직 허혈)"
383,복합,D000747,D001266,단일,D000150,,"맥각독성(혈관경련, 말단 및 기타조직 허혈)"
384,복합,D000747,D001266,복합,D000626,D000712,"맥각독성(혈관경련, 말단 및 기타조직 허혈)"
385,단일,D000031,,단일,D000716,,신세뇨관에서 Methotrexate 배설이 지연되어 Methotrexate의 혈액학적 독성 증가
386,단일,D000696,,단일,D000716,,신세뇨관에서 Methotrexate 배설이 지연되어 Methotrexate의 혈액학적 독성 증가
387,단일,D000672,,단일,D000716,,신세뇨관에서 Methotrexate 배설이 지연되어 Methotrexate의 혈액학적 독성 증가
388,단일,D000427,,단일,D000716,,신세뇨관에서 Methotrexate 배설이 지연되어 Methotrexate의 혈액학적 독성 증가
389,단일,D000309,,단일,D000716,,신세뇨관에서 Methotrexate 배설이 지연되어 Methotrexate의 혈액학적 독성 증가
390,단일,D000806,,단일,D000716,,신세뇨관에서 Methotrexate 배설이 지연되어 Methotrexate의 혈액학적 독성 증가
391,단일,D000030,,단일,D000541,,길항작용
392,단일,D000030,,단일,D000620,,길항작용
393,단일,D000213,,단일,D000405,,QT 간격 연장
394,단일,D000045,,단일,D000568,,131I 섭취율 저하
395,단일,D000745,,단일,D000407,,추가적인 관상혈관 경련으로 고혈압 및 관상 동맥 협착의 위험성 증가
396,단일,D000287,,단일,D000407,,추가적인 관상혈관 경련으로 고혈압 및 관상 동맥 협착의 위험성 증가
397,복합,D000251,D000560,단일,D000248,,리듬장애를 수반한 발작성 고혈압
398,단일,D000343,,단일,D000201,,QT 간격 연장
399,단일,D000343,,단일,D000719,,QT 간격 연장
400,단일,D000343,,단일,D000213,,QT 간격 연장
401,단일,D000213,,단일,D000201,,QT 간격 연장
402,단일,D000213,,단일,D000719,,QT 간격 연장
403,단일,D000173,,단일,D000201,,QT 간격 연장
404,단일,D000173,,단일,D000719,,QT 간격 연장
405,단일,D000173,,단일,D000213,,QT 간격 연장
406,단일,D000020,,단일,D000003,,Blonanserin 혈중 약물 농도 증가로 작용 증대
407,단일,D000762,,단일,D000434,,Vardenafil의 혈중농도 증가
408,단일,D000015,,단일,D000279,,보센탄의 혈중농도 증가
409,복합,D000091,D000452,단일,D000716,,메토트렉세이트의 혈액학적 독성 증가
410,복합,D000350,D000027,단일,D000762,,근증/횡문근변성의 위험성이 증가
411,복합,D000350,D000027,단일,D000769,,근증/횡문근변성의 위험성이 증가
412,복합,D000350,D000027,단일,D000256,,근증/횡문근변성의 위험성이 증가
413,복합,D000350,D000027,단일,D000763,,근증/횡문근변성의 위험성이 증가
414,단일,D000419,,단일,D000395,,횡문근융해증/근육병증 및 이에 수반되는 급격한 신기능 악화
415,단일,D000419,,복합,D000626,D000712,횡문근융해증/근육병증 및 이에 수반되는 급격한 신기능 악화
416,단일,D000027,,단일,D000395,,근병증/횡문근융해
417,복합,D000350,D000027,단일,D000150,,근증/횡문근변성의 위험성이 증가
418,복합,D000350,D000027,복합,D000626,D000712,근증/횡문근변성의 위험성이 증가
419,복합,D000350,D000027,단일,D000395,,근증/횡문근변성의 위험성이 증가
420,복합,D000350,D000027,단일,D000003,,근증/횡문근변성의 위험성이 증가
421,단일,D000004,,단일,D000059,,리튬 독성 증가
422,단일,D000259,,단일,D000201,,Torsade de pointes 위험 증가
423,단일,D000259,,단일,D000213,,Torsade de pointes 위험 증가
424,단일,D000259,,단일,D000362,,Torsade de pointes 위험 증가
425,단일,D000259,,단일,D000466,,Torsade de pointes 위험 증가
426,단일,D000259,,단일,D000809,,Torsade de pointes 위험 증가
427,단일,D000259,,단일,D000343,,Torsade de pointes 위험 증가
428,단일,D000259,,단일,D000319,,Torsade de pointes 위험 증가
429,단일,D000201,,단일,D000362,,Torsade de pointes 위험 증가
430,단일,D000201,,단일,D000466,,Torsade de pointes 위험 증가
431,단일,D000201,,단일,D000809,,Torsade de pointes 위험 증가
432,단일,D000201,,단일,D000319,,Torsade de pointes 위험 증가
433,단일,D000028,,복합,D000665,D000281,양쪽 약물 모두 혈장농도 상승 가능
434,단일,D000718,,단일,D000032,,기능적 신부전에 의해 유산 산성증 촉진
435,복합,D000718,D000690,단일,D000669,,기능적 신부전에 의해 유산 산성증 촉진
436,복합,D000718,D000690,단일,D000268,,기능적 신부전에 의해 유산 산성증 촉진
437,복합,D000718,D000690,단일,D000267,,기능적 신부전에 의해 유산 산성증 촉진
438,복합,D000718,D000690,단일,D000761,,기능적 신부전에 의해 유산 산성증 촉진
439,복합,D000718,D000690,단일,D000165,,기능적 신부전에 의해 유산 산성증 촉진
440,복합,D000718,D000690,단일,D000364,,기능적 신부전에 의해 유산 산성증 촉진
441,복합,D000718,D000690,단일,D000760,,기능적 신부전에 의해 유산 산성증 촉진
442,복합,D000718,D000690,단일,D000032,,기능적 신부전에 의해 유산 산성증 촉진
443,복합,D000718,D000600,단일,D000669,,기능적 신부전에 의해 유산 산성증 촉진
444,복합,D000718,D000600,단일,D000268,,기능적 신부전에 의해 유산 산성증 촉진
445,복합,D000718,D000600,단일,D000267,,기능적 신부전에 의해 유산 산성증 촉진
446,복합,D000718,D000600,단일,D000761,,기능적 신부전에 의해 유산 산성증 촉진
447,복합,D000718,D000600,단일,D000165,,기능적 신부전에 의해 유산 산성증 촉진
448,복합,D000718,D000600,단일,D000364,,기능적 신부전에 의해 유산 산성증 촉진
449,복합,D000718,D000600,단일,D000760,,기능적 신부전에 의해 유산 산성증 촉진
450,복합,D000718,D000600,단일,D000032,,기능적 신부전에 의해 유산 산성증 촉진
451,복합,D000718,D000002,단일,D000268,,기능적 신부전에 의해 유산 산성증 촉진
452,복합,D000718,D000002,단일,D000267,,기능적 신부전에 의해 유산 산성증 촉진
453,복합,D000718,D000002,단일,D000761,,기능적 신부전에 의해 유산 산성증 촉진
454,복합,D000718,D000002,단일,D000165,,기능적 신부전에 의해 유산 산성증 촉진
455,복합,D000718,D000002,단일,D000364,,기능적 신부전에 의해 유산 산성증 촉진
456,복합,D000718,D000002,단일,D000760,,기능적 신부전에 의해 유산 산성증 촉진
457,복합,D000718,D000002,단일,D000032,,기능적 신부전에 의해 유산 산성증 촉진
458,복합,D000718,D000109,단일,D000669,,기능적 신부전에 의해 유산 산성증 촉진
459,복합,D000718,D000109,단일,D000268,,기능적 신부전에 의해 유산 산성증 촉진
460,복합,D000718,D000109,단일,D000267,,기능적 신부전에 의해 유산 산성증 촉진
461,복합,D000718,D000109,단일,D000761,,기능적 신부전에 의해 유산 산성증 촉진
462,복합,D000718,D000109,단일,D000364,,기능적 신부전에 의해 유산 산성증 촉진
463,복합,D000718,D000109,단일,D000760,,기능적 신부전에 의해 유산 산성증 촉진
464,복합,D000718,D000109,단일,D000032,,기능적 신부전에 의해 유산 산성증 촉진
465,복합,D000718,D000392,단일,D000669,,기능적 신부전에 의해 유산 산성증 촉진
466,복합,D000718,D000392,단일,D000268,,기능적 신부전에 의해 유산 산성증 촉진
467,복합,D000718,D000392,단일,D000267,,기능적 신부전에 의해 유산 산성증 촉진
468,복합,D000718,D000392,단일,D000761,,기능적 신부전에 의해 유산 산성증 촉진
469,복합,D000718,D000392,단일,D000165,,기능적 신부전에 의해 유산 산성증 촉진
470,복합,D000718,D000392,단일,D000364,,기능적 신부전에 의해 유산 산성증 촉진
471,복합,D000718,D000392,단일,D000760,,기능적 신부전에 의해 유산 산성증 촉진
472,복합,D000718,D000392,단일,D000032,,기능적 신부전에 의해 유산 산성증 촉진
473,복합,D000718,D000445,단일,D000669,,기능적 신부전에 의해 유산 산성증 촉진
474,복합,D000718,D000445,단일,D000268,,기능적 신부전에 의해 유산 산성증 촉진
475,복합,D000718,D000445,단일,D000267,,기능적 신부전에 의해 유산 산성증 촉진
476,복합,D000718,D000445,단일,D000761,,기능적 신부전에 의해 유산 산성증 촉진
477,복합,D000718,D000445,단일,D000165,,기능적 신부전에 의해 유산 산성증 촉진
478,복합,D000718,D000445,단일,D000364,,기능적 신부전에 의해 유산 산성증 촉진
479,복합,D000718,D000445,단일,D000760,,기능적 신부전에 의해 유산 산성증 촉진
480,복합,D000718,D000445,단일,D000032,,기능적 신부전에 의해 유산 산성증 촉진
481,복합,D000718,D000244,단일,D000669,,기능적 신부전에 의해 유산 산성증 촉진
482,복합,D000718,D000244,단일,D000268,,기능적 신부전에 의해 유산 산성증 촉진
483,복합,D000718,D000244,단일,D000267,,기능적 신부전에 의해 유산 산성증 촉진
484,복합,D000718,D000244,단일,D000761,,기능적 신부전에 의해 유산 산성증 촉진
485,복합,D000718,D000244,단일,D000165,,기능적 신부전에 의해 유산 산성증 촉진
486,복합,D000718,D000244,단일,D000364,,기능적 신부전에 의해 유산 산성증 촉진
487,복합,D000718,D000244,단일,D000760,,기능적 신부전에 의해 유산 산성증 촉진
488,복합,D000718,D000244,단일,D000032,,기능적 신부전에 의해 유산 산성증 촉진
489,단일,D000151,,복합,D000581,D000658,고칼슘혈증
490,단일,D000175,,복합,D000581,D000658,고칼슘혈증
491,단일,D000188,,복합,D000581,D000658,고칼슘혈증
492,단일,D000737,,단일,D000150,,혈압강하증가
493,단일,D000737,,단일,D000770,,혈압강하증가
494,단일,D000737,,단일,D000373,,혈압강하증가
495,단일,D000737,,복합,D000673,D000561,혈압강하증가
496,단일,D000737,,복합,D000673,D000665,혈압강하증가
497,단일,D000737,,복합,D000673,D000281,혈압강하증가
498,단일,D000737,,단일,D000395,,혈압강하증가
499,단일,D000737,,단일,D000763,,혈압강하증가
500,단일,D000737,,단일,D000572,,혈압강하증가
501,단일,D000737,,단일,D000762,,혈압강하증가
502,단일,D000737,,복합,D000626,D000712,혈압강하증가
503,단일,D000737,,단일,D000128,,혈압강하증가
504,단일,D000737,,단일,D000530,,혈압강하증가
505,단일,D000737,,단일,D000003,,혈압강하증가
506,단일,D000737,,단일,D000497,,기절의 효과감소
507,단일,D000737,,단일,D000498,,혈압강하증가
508,단일,D000737,,단일,D000215,,혈압강하증가
509,단일,D000737,,단일,D000787,,혈압강하증가
510,단일,D000737,,단일,D000405,,혈압강하증가
511,단일,D000737,,단일,D000712,,혈압강하증가
512,단일,D000737,,단일,D000246,,동일계열 병용투여 금기
513,단일,D000737,,단일,D000181,,동일계열 병용투여 금기
514,단일,D000737,,단일,D000569,,동일계열 병용투여 금기
515,단일,D000737,,단일,D000434,,동일계열 병용투여 금기
516,단일,D000737,,단일,D000443,,혈압강하증가
517,단일,D000128,,단일,D000530,,혈압강하증가
518,단일,D000128,,단일,D000215,,혈압강하증가
519,단일,D000128,,단일,D000787,,혈압강하증가
520,단일,D000246,,단일,D000763,,혈압강하증가
521,단일,D000246,,복합,D000626,D000712,혈압강하증가
522,단일,D000246,,단일,D000712,,혈압강하증가
523,단일,D000434,,단일,D000259,,혈압강하증가
524,단일,D000434,,단일,D000150,,혈압강하증가
525,단일,D000434,,복합,D000673,D000561,혈압강하증가
526,단일,D000434,,복합,D000673,D000665,혈압강하증가
527,단일,D000434,,복합,D000673,D000281,혈압강하증가
528,단일,D000434,,단일,D000395,,혈압강하증가
529,단일,D000434,,단일,D000201,,혈압강하증가
530,단일,D000434,,단일,D000763,,혈압강하증가
531,단일,D000434,,복합,D000626,D000712,혈압강하증가
532,단일,D000434,,단일,D000003,,혈압강하증가
533,단일,D000434,,단일,D000712,,혈압강하증가
534,단일,D000434,,단일,D000022,,혈압강하증가
535,복합,D000733,D000749,단일,D000556,,혈전색전증 위험을 높임
536,복합,D000733,D000749,단일,D000617,,혈전색전증 위험을 높임
537,복합,D000733,D000749,복합,D000694,D000749,혈전색전증 위험을 높임
538,복합,D000733,D000749,복합,D000789,D000749,혈전색전증 위험을 높임
539,복합,D000733,D000749,복합,D000556,D000749,혈전색전증 위험을 높임
540,복합,D000733,D000749,복합,D000389,D000749,혈전색전증 위험을 높임
541,복합,D000733,D000749,복합,D000617,D000749,혈전색전증 위험을 높임
542,복합,D000733,D000749,단일,D000121,,혈전색전증 위험을 높임
543,단일,D000695,,단일,D000150,,Atazanavir의 치료효과 감소 및 내성발현 위험 증가
544,단일,D000153,,단일,D000003,,Nelfinavir의 치료효과 감소 및 내성발현 위험 증가
545,단일,D000357,,단일,D000560,,중증의 혈압강하를 일으킬 수 있음
546,단일,D000469,,단일,D000003,,Nelfinavir의 치료효과 감소 및 내성발현 위험 증가
547,단일,D000735,,단일,D000800,,아고멜라틴 혈중농도 증가
548,단일,D000735,,단일,D000142,,아고멜라틴 혈중농도 증가
549,단일,D000396,,단일,D000334,,다비가트란의 혈중농도가 상승하여 출혈위험 증가
550,단일,D000396,,단일,D000201,,다비가트란의 혈중농도가 상승하여 출혈위험 증가
551,단일,D000396,,단일,D000762,,다비가트란의 혈중농도가 상승하여 출혈위험 증가
552,단일,D000087,,단일,D000535,,발프론산의 혈중농도를  감소시켜 간질발작 재발의 위험 증가
553,단일,D000036,,단일,D000476,,에트라비린의 혈중농도가 감소하여 치료효과 감소 혹은 내성발현
554,단일,D000036,,단일,D000282,,에트라비린의 혈중농도가 감소하여 치료효과 감소 혹은 내성발현
555,단일,D000036,,단일,D000595,,에트라비린의 혈중농도가 감소하여 치료효과 감소 혹은 내성발현
556,단일,D000036,,단일,D000314,,에트라비린의 혈중농도가 감소하여 치료효과 감소 혹은 내성발현
557,단일,D000036,,단일,D000447,,에트라비린의 혈중농도가 감소하여 치료효과 감소 혹은 내성발현
558,단일,D000402,,단일,D000123,,메르캅토푸린의 혈중농도 증가
559,단일,D000402,,단일,D000250,,아자치오프린의 혈중농도 증가
560,단일,D000208,,단일,D000213,,피모짓의 혈중농도 증가
561,단일,D000472,,단일,D000567,,와파린작용 증대
562,단일,D000571,,단일,D000762,,이바브라딘의 혈중농도 증가
563,단일,D000571,,단일,D000373,,이바브라딘의 혈중농도 증가
564,단일,D000571,,단일,D000003,,이바브라딘의 혈중농도 증가
565,단일,D000571,,단일,D000712,,이바브라딘의 혈중농도 증가
566,단일,D000571,,단일,D000256,,이바브라딘의 혈중농도 증가
567,단일,D000698,,단일,D000429,,"고혈압위기, 세로토닌증후군 발생 위험 증가"
568,단일,D000698,,단일,D000139,,"고혈압위기, 세로토닌증후군 발생 위험 증가"
569,단일,D000698,,단일,D000700,,"고혈압위기, 세로토닌증후군 발생 위험 증가"
570,단일,D000698,,단일,D000773,,"고혈압위기, 세로토닌증후군 발생 위험 증가"
571,단일,D000698,,단일,D000242,,"고혈압위기, 세로토닌증후군 발생 위험 증가"
572,단일,D000698,,단일,D000447,,"고혈압위기, 세로토닌증후군 발생 위험 증가"
573,단일,D000158,,단일,D000488,,두개내 고혈압
574,단일,D000225,,단일,D000476,,릴피비린의 혈중농도가 감소하여 치료효과 감소 혹은 내성발현
575,단일,D000225,,단일,D000263,,릴피비린의 혈중농도가 감소하여 치료효과 감소 혹은 내성발현
576,단일,D000225,,단일,D000282,,릴피비린의 혈중농도가 감소하여 치료효과 감소 혹은 내성발현
577,단일,D000225,,단일,D000595,,릴피비린의 혈중농도가 감소하여 치료효과 감소 혹은 내성발현
578,단일,D000225,,단일,D000209,,릴피비린의 혈중농도가 감소하여 치료효과 감소 혹은 내성발현
579,단일,D000225,,단일,D000314,,릴피비린의 혈중농도가 감소하여 치료효과 감소 혹은 내성발현
580,단일,D000225,,단일,D000447,,릴피비린의 혈중농도가 감소하여 치료효과 감소 혹은 내성발현
581,단일,D000225,,단일,D000469,,위장 pH의 증가로 릴피비린의 흡수가 저하되어 릴피비린의 치료효과 감소
582,단일,D000225,,단일,D000153,,위장 pH의 증가로 릴피비린의 흡수가 저하되어 릴피비린의 치료효과 감소
583,단일,D000225,,단일,D000699,,위장 pH의 증가로 릴피비린의 흡수가 저하되어 릴피비린의 치료효과 감소
584,단일,D000225,,단일,D000695,,위장 pH의 증가로 릴피비린의 흡수가 저하되어 릴피비린의 치료효과 감소
585,단일,D000225,,단일,D000386,,위장 pH의 증가로 릴피비린의 흡수가 저하되어 릴피비린의 치료효과 감소
586,단일,D000225,,단일,D000751,,위장 pH의 증가로 릴피비린의 흡수가 저하되어 릴피비린의 치료효과 감소
587,단일,D000225,,단일,D000204,,위장 pH의 증가로 릴피비린의 흡수가 저하되어 릴피비린의 치료효과 감소
588,단일,D000225,,단일,D000168,,위장 pH의 증가로 릴피비린의 흡수가 저하되어 릴피비린의 치료효과 감소
589,단일,D000225,,단일,D000301,,위장 pH의 증가로 릴피비린의 흡수가 저하되어 릴피비린의 치료효과 감소
590,단일,D000527,,단일,D000150,,리바록사반의 혈중농도가 상승하여 출혈위험 증가
591,단일,D000527,,단일,D000763,,리바록사반의 혈중농도가 상승하여 출혈위험 증가
592,단일,D000527,,단일,D000712,,리바록사반의 혈중농도가 상승하여 출혈위험 증가
593,단일,D000527,,복합,D000673,D000561,리바록사반의 혈중농도가 상승하여 출혈위험 증가
594,단일,D000527,,복합,D000673,D000665,리바록사반의 혈중농도가 상승하여 출혈위험 증가
595,단일,D000527,,복합,D000673,D000281,리바록사반의 혈중농도가 상승하여 출혈위험 증가
596,단일,D000527,,단일,D000762,,리바록사반의 혈중농도가 상승하여 출혈위험 증가
597,단일,D000527,,단일,D000443,,리바록사반의 혈중농도가 상승하여 출혈위험 증가
598,단일,D000342,,단일,D000373,,실로도신의 혈중농도 증가
599,단일,D000342,,단일,D000762,,실로도신의 혈중농도 증가
600,단일,D000342,,단일,D000712,,실로도신의 혈중농도 증가
601,단일,D000385,,단일,D000373,,티카그렐러의 혈중농도 증가
602,단일,D000385,,단일,D000712,,티카그렐러의 혈중농도 증가
603,단일,D000385,,단일,D000150,,티카그렐러의 혈중농도 증가
604,단일,D000487,,단일,D000373,,톨밥탄의 혈중농도 증가
605,단일,D000487,,단일,D000762,,톨밥탄의 혈중농도 증가
606,단일,D000487,,단일,D000712,,톨밥탄의 혈중농도 증가
607,단일,D000487,,단일,D000763,,톨밥탄의 혈중농도 증가
608,단일,D000487,,단일,D000003,,톨밥탄의 혈중농도 증가
609,단일,D000297,,단일,D000259,,"QTc 연장 효과 증대로 심각한 위험(Torsade de Pointes, 심각한 심실성 부정맥 포함) 가능성"
610,단일,D000297,,단일,D000030,,"QTc 연장 효과 증대로 심각한 위험(Torsade de Pointes, 심각한 심실성 부정맥 포함) 가능성"
611,단일,D000297,,단일,D000143,,"QTc 연장 효과 증대로 심각한 위험(Torsade de Pointes, 심각한 심실성 부정맥 포함) 가능성"
612,단일,D000297,,단일,D000643,,"QTc 연장 효과 증대로 심각한 위험(Torsade de Pointes, 심각한 심실성 부정맥 포함) 가능성"
613,단일,D000297,,단일,D000150,,"QTc 연장 효과 증대로 심각한 위험(Torsade de Pointes, 심각한 심실성 부정맥 포함) 가능성강력한 CYP억제제가 돔페리돈의 대사를 감소시켜, 돔페리돈의 영향(이상반응 포함) 증대 가능성"
614,단일,D000297,,단일,D000742,,"QTc 연장 효과 증대로 심각한 위험(Torsade de Pointes, 심각한 심실성 부정맥 포함) 가능성"
615,단일,D000297,,단일,D000328,,"QTc 연장 효과 증대로 심각한 위험(Torsade de Pointes, 심각한 심실성 부정맥 포함) 가능성"
616,단일,D000297,,단일,D000724,,"QTc 연장 효과 증대로 심각한 위험(Torsade de Pointes, 심각한 심실성 부정맥 포함) 가능성"
617,단일,D000297,,단일,D000444,,"강력한 CYP억제제가 돔페리돈의 대사를 감소시켜, 돔페리돈의 영향(이상반응 포함) 증대 가능성"
618,단일,D000297,,단일,D000584,,"QTc 연장 효과 증대로 심각한 위험(Torsade de Pointes, 심각한 심실성 부정맥 포함) 가능성"
619,단일,D000297,,단일,D000142,,"QTc 연장 효과 증대로 심각한 위험(Torsade de Pointes, 심각한 심실성 부정맥 포함) 가능성"
620,단일,D000297,,단일,D000332,,"QTc 연장 효과 증대로 심각한 위험(Torsade de Pointes, 심각한 심실성 부정맥 포함) 가능성"
621,단일,D000297,,단일,D000373,,"QTc 연장 효과 증대로 심각한 위험(Torsade de Pointes, 심각한 심실성 부정맥 포함) 가능성강력한 CYP억제제가 돔페리돈의 대사를 감소시켜, 돔페리돈의 영향(이상반응 포함) 증대 가능성"
622,단일,D000297,,단일,D000395,,"강력한 CYP억제제가 돔페리돈의 대사를 감소시켜, 돔페리돈의 영향(이상반응 포함) 증대 가능성"
623,단일,D000297,,단일,D000693,,"QTc 연장 효과 증대로 심각한 위험(Torsade de Pointes, 심각한 심실성 부정맥 포함) 가능성"
624,단일,D000297,,단일,D000319,,"QTc 연장 효과 증대로 심각한 위험(Torsade de Pointes, 심각한 심실성 부정맥 포함) 가능성"
625,단일,D000297,,단일,D000201,,"QTc 연장 효과 증대로 심각한 위험(Torsade de Pointes, 심각한 심실성 부정맥 포함) 가능성"
626,단일,D000297,,단일,D000348,,"QTc 연장 효과 증대로 심각한 위험(Torsade de Pointes, 심각한 심실성 부정맥 포함) 가능성"
627,단일,D000297,,복합,D000348,D000448,"QTc 연장 효과 증대로 심각한 위험(Torsade de Pointes, 심각한 심실성 부정맥 포함) 가능성"
628,단일,D000297,,단일,D000035,,"QTc 연장 효과 증대로 심각한 위험(Torsade de Pointes, 심각한 심실성 부정맥 포함) 가능성"
629,단일,D000297,,단일,D000519,,"QTc 연장 효과 증대로 심각한 위험(Torsade de Pointes, 심각한 심실성 부정맥 포함) 가능성"
630,단일,D000297,,단일,D000517,,"QTc 연장 효과 증대로 심각한 위험(Torsade de Pointes, 심각한 심실성 부정맥 포함) 가능성"
631,단일,D000297,,단일,D000078,,"QTc 연장 효과 증대로 심각한 위험(Torsade de Pointes, 심각한 심실성 부정맥 포함) 가능성"
632,단일,D000297,,단일,D000113,,"QTc 연장 효과 증대로 심각한 위험(Torsade de Pointes, 심각한 심실성 부정맥 포함) 가능성"
633,단일,D000297,,단일,D000256,,"QTc 연장 효과 증대로 심각한 위험(Torsade de Pointes, 심각한 심실성 부정맥 포함) 가능성"
634,단일,D000297,,단일,D000763,,"강력한 CYP억제제가 돔페리돈의 대사를 감소시켜, 돔페리돈의 영향(이상반응 포함) 증대 가능성"
635,단일,D000297,,단일,D000762,,"QTc 연장 효과 증대로 심각한 위험(Torsade de Pointes, 심각한 심실성 부정맥 포함) 가능성강력한 CYP억제제가 돔페리돈의 대사를 감소시켜, 돔페리돈의 영향(이상반응 포함) 증대 가능성"
636,단일,D000297,,단일,D000769,,"""QTc 연장 효과 증대로 심각한 위험(Torsade de Pointes, 심각한 심실성 부정맥 포함) 가능성강력한 CYP억제제가 돔페리돈의 대사를 감소시켜, 돔페리돈의 영향(이상반응 포함) 증대 가능성"
637,단일,D000297,,단일,D000793,,"QTc 연장 효과 증대로 심각한 위험(Torsade de Pointes, 심각한 심실성 부정맥 포함) 가능성"
638,단일,D000297,,단일,D000226,,"QTc 연장 효과 증대로 심각한 위험(Torsade de Pointes, 심각한 심실성 부정맥 포함) 가능성"
639,단일,D000297,,단일,D000425,,"QTc 연장 효과 증대로 심각한 위험(Torsade de Pointes, 심각한 심실성 부정맥 포함) 가능성"
640,단일,D000297,,복합,D000425,D000803,"QTc 연장 효과 증대로 심각한 위험(Torsade de Pointes, 심각한 심실성 부정맥 포함) 가능성"
641,단일,D000297,,단일,D000719,,"QTc 연장 효과 증대로 심각한 위험(Torsade de Pointes, 심각한 심실성 부정맥 포함) 가능성"
642,단일,D000297,,단일,D000430,,"QTc 연장 효과 증대로 심각한 위험(Torsade de Pointes, 심각한 심실성 부정맥 포함) 가능성"
643,단일,D000297,,단일,D000003,,"강력한 CYP억제제가 돔페리돈의 대사를 감소시켜, 돔페리돈의 영향(이상반응 포함) 증대 가능성"
644,단일,D000297,,단일,D000608,,"QTc 연장 효과 증대로 심각한 위험(Torsade de Pointes, 심각한 심실성 부정맥 포함) 가능성"
645,단일,D000297,,단일,D000470,,"QTc 연장 효과 증대로 심각한 위험(Torsade de Pointes, 심각한 심실성 부정맥 포함) 가능성"
646,단일,D000297,,단일,D000261,,"QTc 연장 효과 증대로 심각한 위험(Torsade de Pointes, 심각한 심실성 부정맥 포함) 가능성"
647,단일,D000297,,단일,D000513,,"QTc 연장 효과 증대로 심각한 위험(Torsade de Pointes, 심각한 심실성 부정맥 포함) 가능성"
648,단일,D000297,,단일,D000111,,"QTc 연장 효과 증대로 심각한 위험(Torsade de Pointes, 심각한 심실성 부정맥 포함) 가능성"
649,단일,D000297,,단일,D000213,,"QTc 연장 효과 증대로 심각한 위험(Torsade de Pointes, 심각한 심실성 부정맥 포함) 가능성"
650,단일,D000297,,단일,D000405,,"QTc 연장 효과 증대로 심각한 위험(Torsade de Pointes, 심각한 심실성 부정맥 포함) 가능성강력한 CYP억제제가 돔페리돈의 대사를 감소시켜, 돔페리돈의 영향(이상반응 포함) 증대 가능성"
651,단일,D000297,,단일,D000102,,"QTc 연장 효과 증대로 심각한 위험(Torsade de Pointes, 심각한 심실성 부정맥 포함) 가능성"
652,단일,D000297,,단일,D000299,,"QTc 연장 효과 증대로 심각한 위험(Torsade de Pointes, 심각한 심실성 부정맥 포함) 가능성"
653,단일,D000297,,단일,D000422,,"QTc 연장 효과 증대로 심각한 위험(Torsade de Pointes, 심각한 심실성 부정맥 포함) 가능성"
654,단일,D000297,,단일,D000712,,"QTc 연장 효과 증대로 심각한 위험(Torsade de Pointes, 심각한 심실성 부정맥 포함) 가능성강력한 CYP억제제가 돔페리돈의 대사를 감소시켜, 돔페리돈의 영향(이상반응 포함) 증대 가능성"
655,단일,D000297,,복합,D000712,D000626,"QTc 연장 효과 증대로 심각한 위험(Torsade de Pointes, 심각한 심실성 부정맥 포함) 가능성강력한 CYP억제제가 돔페리돈의 대사를 감소시켜, 돔페리돈의 영향(이상반응 포함) 증대 가능성"
656,단일,D000297,,단일,D000022,,"QTc 연장 효과 증대로 심각한 위험(Torsade de Pointes, 심각한 심실성 부정맥 포함) 가능성"
657,단일,D000297,,단일,D000833,,"QTc 연장 효과 증대로 심각한 위험(Torsade de Pointes, 심각한 심실성 부정맥 포함) 가능성강력한 CYP억제제가 돔페리돈의 대사를 감소시켜, 돔페리돈의 영향(이상반응 포함) 증대 가능성"
658,단일,D000297,,단일,D000443,,"QTc 연장 효과 증대로 심각한 위험(Torsade de Pointes, 심각한 심실성 부정맥 포함) 가능성강력한 CYP억제제가 돔페리돈의 대사를 감소시켜, 돔페리돈의 영향(이상반응 포함) 증대 가능성"
659,단일,D000297,,단일,D000842,,"QTc 연장 효과 증대로 심각한 위험(Torsade de Pointes, 심각한 심실성 부정맥 포함) 가능성"
660,단일,D000297,,단일,D000774,,"QTc 연장 효과 증대로 심각한 위험(Torsade de Pointes, 심각한 심실성 부정맥 포함) 가능성"
661,단일,D000297,,단일,D000635,,"QTc 연장 효과 증대로 심각한 위험(Torsade de Pointes, 심각한 심실성 부정맥 포함) 가능성"
662,단일,D000297,,단일,D000638,,"QTc 연장 효과 증대로 심각한 위험(Torsade de Pointes, 심각한 심실성 부정맥 포함) 가능성"
663,단일,D000297,,단일,D000173,,"QTc 연장 효과 증대로 심각한 위험(Torsade de Pointes, 심각한 심실성 부정맥 포함) 가능성"
664,단일,D000615,,복합,D000665,D000281,"세포내 인산화 방해, 동일한 역전사효소 유전자(M184V) 변이를 통한 바이러스 내성 - 항바이러스 효과 감소"
665,단일,D000615,,복합,D000665,D000225,"세포내 인산화 방해, 동일한 역전사효소 유전자(M184V) 변이를 통한 바이러스 내성 - 항바이러스 효과 감소"
666,단일,D000615,,복합,D000665,D000673,"세포내 인산화 방해, 동일한 역전사효소 유전자(M184V) 변이를 통한 바이러스 내성 - 항바이러스 효과 감소"
667,단일,D000615,,복합,D000665,D000561,"세포내 인산화 방해, 동일한 역전사효소 유전자(M184V) 변이를 통한 바이러스 내성 - 항바이러스 효과 감소"
668,복합,D000615,D000172,복합,D000665,D000281,"세포내 인산화 방해, 동일한 역전사효소 유전자(M184V) 변이를 통한 바이러스 내성 - 항바이러스 효과 감소"
669,복합,D000615,D000172,복합,D000665,D000225,"세포내 인산화 방해, 동일한 역전사효소 유전자(M184V) 변이를 통한 바이러스 내성 - 항바이러스 효과 감소"
670,복합,D000615,D000172,복합,D000665,D000673,"세포내 인산화 방해, 동일한 역전사효소 유전자(M184V) 변이를 통한 바이러스 내성 - 항바이러스 효과 감소"
671,복합,D000615,D000172,복합,D000665,D000561,"세포내 인산화 방해, 동일한 역전사효소 유전자(M184V) 변이를 통한 바이러스 내성 - 항바이러스 효과 감소"
672,복합,D000615,D000654,복합,D000665,D000281,"세포내 인산화 방해, 동일한 역전사효소 유전자(M184V) 변이를 통한 바이러스 내성 - 항바이러스 효과 감소"
673,복합,D000615,D000654,복합,D000665,D000225,"세포내 인산화 방해, 동일한 역전사효소 유전자(M184V) 변이를 통한 바이러스 내성 - 항바이러스 효과 감소"
674,복합,D000615,D000654,복합,D000665,D000673,"세포내 인산화 방해, 동일한 역전사효소 유전자(M184V) 변이를 통한 바이러스 내성 - 항바이러스 효과 감소"
675,복합,D000615,D000654,복합,D000665,D000561,"세포내 인산화 방해, 동일한 역전사효소 유전자(M184V) 변이를 통한 바이러스 내성 - 항바이러스 효과 감소"
676,단일,D000564,,단일,D000429,,xylometazoline의 전신작용(고혈압 위험) 증강 또는 연장
677,단일,D000564,,단일,D000698,,xylometazoline의 전신작용(고혈압 위험) 증강 또는 연장
678,단일,D000564,,단일,D000139,,xylometazoline의 전신작용(고혈압 위험) 증강 또는 연장
679,단일,D000809,,단일,D000139,,"이상고열, 전신경련, 발한, 불온, 혼수등"
680,단일,D000259,,단일,D000823,,심실부정맥(Torsade de pointes) 위험 증가
681,복합,D000563,D000302,단일,D000824,,"혈압 변동, 빈맥·심실세동등의 부정맥 위험 증가"
682,단일,D000762,,단일,D000823,,QT 간격 연장 및 심실부정맥(Torsade de pointes) 위험 증가
683,단일,D000592,,단일,D000825,,triazolam 의 약리학적 효과 및 작용(수면유도) 증가
684,단일,D000429,,복합,D000448,D000826,교감신경흥분제의 작용 증강 또는 연장
685,단일,D000213,,단일,D000809,,QT연장
686,단일,D000827,,단일,D000417,,금주사제 병용시 피부독성
687,단일,D000159,,단일,D000731,,고칼륨혈증 위험 증가
688,단일,D000159,,단일,D000829,,고칼륨혈증 위험 증가
689,단일,D000259,,단일,D000830,,"QT 연장, 심실성 빈맥, 심실세동 및 torsades de pointes 등 심독성위험 증가"
690,단일,D000809,,단일,D000429,,"근독성, 간질, 세로토닌성 증후군(고혈압, 고열, 간대성 근경련, 정신상태 변화 등)"
691,단일,D000810,,단일,D000429,,"근독성, 간질, 세로토닌성 증후군(고혈압, 고열, 간대성 근경련, 정신상태 변화 등)"
692,단일,D000810,,단일,D000139,,"근독성, 간질, 세로토닌성 증후군(고혈압, 고열, 간대성 근경련, 정신상태 변화 등)"
693,단일,D000831,,단일,D000718,,기능적 신부전에 의해 유산 산성증 촉진
694,단일,D000832,,단일,D000718,,기능적 신부전에 의해 유산 산성증 촉진
695,단일,D000213,,단일,D000823,,"QT 연장, 심실성 빈맥, 심실세동 및 torsades de pointes 등 심독성위험 증가"
696,단일,D000213,,단일,D000833,,"QT 연장, 심실성 빈맥, 심실세동 및 torsades de pointes 등 심독성위험 증가"
697,단일,D000823,,단일,D000443,,"QT 연장, 심실성 빈맥, 심실세동 및 torsades de pointes 등 심독성위험 증가"
698,단일,D000731,,단일,D000829,,고칼륨혈증 위험 증가
699,단일,D000274,,단일,D000834,,중증의 위장관계 이상반응
700,단일,D000274,,단일,D000835,,중증의 위장관계 이상반응
701,단일,D000274,,단일,D000836,,중증의 위장관계 이상반응
702,단일,D000274,,단일,D000837,,중증의 위장관계 이상반응
703,단일,D000199,,단일,D000830,,1. 아킬레스건 파열 및 손상<특히 노인>2. 심혈관계 부작용 증가
704,단일,D000838,,단일,D000560,,부정맥 또는 심정지 유도
705,단일,D000841,,단일,D000560,,부정맥 또는 심정지 유도
706,단일,D000522,,단일,D000830,,1. 아킬레스건 파열 및 손상<특히 노인>2. 심혈관계 부작용 증가
707,단일,D000513,,단일,D000839,,췌장염 유발
708,단일,D000406,,단일,D000830,,1. 아킬레스건 파열 및 손상<특히 노인>2. 심혈관계 부작용 증가
709,단일,D000833,,단일,D000259,,QT 간격 연장으로 심실성 부정맥 위험 증가 가능
710,단일,D000840,,단일,D000560,,혈압강하
711,단일,D000005,,단일,D000830,,1. 아킬레스건 파열 및 손상<특히 노인>2. 심혈관계 부작용 증가
712,단일,D000575,,단일,D000829,,"질소혈증, 크레아티닌 청소율 저하"
713,단일,D000027,,단일,D000833,,근병증 및 횡문근융해？
714,단일,D000003,,단일,D000823,,QT간격 연장
715,단일,D000712,,단일,D000823,,"QT간격 연장, 심부정맥"
716,단일,D000823,,단일,D000769,,QT간격연장
717,단일,D000823,,단일,D000517,,QT간격연장
718,단일,D000823,,단일,D000405,,QT간격연장
719,단일,D000823,,단일,D000763,,QT간격연장
720,단일,D000823,,복합,D000626,D000712,QT간격연장
721,단일,D000823,,단일,D000395,,QT간격연장
722,단일,D000823,,단일,D000256,,QT간격연장
723,단일,D000823,,단일,D000373,,QT간격연장
724,단일,D000823,,단일,D000628,,QT간격연장
725,단일,D000823,,단일,D000338,,QT간격연장
726,단일,D000823,,단일,D000833,,QT간격연장
727,단일,D000823,,단일,D000742,,QT간격연장
728,단일,D000823,,단일,D000825,,QT간격연장
729,단일,D000202,,단일,D000833,,"맥각독성(혈관경련, 말단 및 기타조직 허혈 등) 위험 증가"
730,단일,D000838,,단일,D000082,,부정맥 또는 심정지
731,단일,D000841,,단일,D000082,,부정맥 또는 심정지
732,단일,D000343,,단일,D000842,,QT 간격 연장
733,단일,D000213,,단일,D000842,,QT 간격 연장
734,단일,D000173,,단일,D000842,,QT 간격 연장
735,복합,D000350,D000027,단일,D000833,,근증/횡문근변성의 위험성이 증가
736,단일,D000419,,단일,D000833,,횡문근융해증/근육병증 및 이에 수반되는 급격한 신기능 악화
737,단일,D000259,,단일,D000842,,Torsade de pointes 위험 증가
738,단일,D000201,,단일,D000842,,Torsade de pointes 위험 증가
739,단일,D000249,,단일,D000843,,신장결석 형성 위험 증가
740,복합,D000718,D000690,단일,D000832,,기능적 신부전에 의해 유산 산성증 촉진
741,복합,D000718,D000690,단일,D000831,,기능적 신부전에 의해 유산 산성증 촉진
742,복합,D000718,D000600,단일,D000832,,기능적 신부전에 의해 유산 산성증 촉진
743,단일,D000718,,단일,D000831,,기능적 신부전에 의해 유산 산성증 촉진
744,복합,D000718,D000002,단일,D000832,,기능적 신부전에 의해 유산 산성증 촉진
745,복합,D000718,D000002,단일,D000831,,기능적 신부전에 의해 유산 산성증 촉진
746,복합,D000718,D000109,단일,D000832,,기능적 신부전에 의해 유산 산성증 촉진
747,복합,D000718,D000109,단일,D000831,,기능적 신부전에 의해 유산 산성증 촉진
748,복합,D000718,D000392,단일,D000832,,기능적 신부전에 의해 유산 산성증 촉진
749,복합,D000718,D000392,단일,D000831,,기능적 신부전에 의해 유산 산성증 촉진
750,복합,D000718,D000445,단일,D000832,,기능적 신부전에 의해 유산 산성증 촉진
751,복합,D000718,D000445,단일,D000831,,기능적 신부전에 의해 유산 산성증 촉진
752,단일,D000833,,복합,D000747,D001266,"맥각독성(혈관경련, 말단 및 기타조직 허혈 등) 위험 증가"
753,복합,D000747,D001266,단일,D000763,,"맥각독성(혈관경련, 말단 및 기타조직 허혈)"
754,복합,D000747,D001266,단일,D000003,,"맥각독성(혈관경련, 말단 및 기타조직 허혈)"
755,복합,D000747,D001266,단일,D000712,,"맥각독성(혈관경련, 말단 및 기타조직 허혈)"
756,복합,D000747,D001266,단일,D000762,,"맥각독성(혈관경련, 말단 및 기타조직 허혈)"
757,복합,D000747,D001266,단일,D000443,,"맥각독성(혈관경련, 말단 및 기타조직 허혈)"
758,단일,D000845,,단일,D000697,,근육수축작용 증가
759,단일,D000297,,단일,D000846,,"QTc 연장 효과 증대로 심각한 위험(Torsade de Pointes, 심각한 심실성 부정맥 포함) 가능성"
760,단일,D000970,,단일,D000429,,"고열, 경직, 간대성근경련, 정신상태 변화 등"
761,단일,D000297,,단일,D000491,,"QTc 연장 효과 증대로 심각한 위험(Torsade de Pointes, 심각한 심실성 부정맥 포함) 가능성"
762,단일,D000079,,단일,D000324,,저혈당 또는 혼수
763,복합,D000978,D000979,단일,D000159,,고칼륨혈증 위험 증가
764,단일,D000978,,단일,D000159,,고칼륨혈증 위험 증가
765,단일,D000274,,단일,D000982,,중증의 위장관계 이상반응
766,단일,D000535,,복합,D000757,D000734,간질 발작 재발
767,복합,D000535,D000536,단일,D000757,,간질 발작 재발
768,단일,D000535,,단일,D000122,,간질발작 재발
769,단일,D000535,,복합,D000779,D000014,간질 발작 재발
770,복합,D000535,D000536,단일,D000779,,간질 발작 재발
771,복합,D000535,D000536,단일,D000122,,간질발작 재발
772,단일,D000444,,단일,D000259,,
773,단일,D000444,,단일,D000088,,
774,단일,D000444,,단일,D000202,,
775,단일,D000444,,복합,D000747,D000852,
776,단일,D000444,,단일,D000419,,
777,단일,D000444,,단일,D000213,,
778,단일,D000444,,단일,D000515,,
779,단일,D000444,,단일,D000583,,
780,단일,D000444,,단일,D000342,,
781,단일,D000444,,단일,D000027,,
782,단일,D000444,,복합,D000027,D000350,
783,단일,D000444,,복합,D000027,D000686,
784,단일,D000444,,단일,D000681,,
785,단일,D000444,,단일,D000592,,
786,단일,D000986,,단일,D000111,,
787,복합,D000665,D000281,단일,D000476,,
788,복합,D000665,D000225,단일,D000476,,
789,복합,D000665,D000281,단일,D000695,,
790,복합,D000665,D000225,단일,D000695,,
791,복합,D000665,D000281,단일,D000153,,
792,복합,D000665,D000225,단일,D000153,,
793,복합,D000665,D000281,단일,D000209,,
794,복합,D000665,D000225,단일,D000209,,
795,복합,D000665,D000281,단일,D000168,,
796,복합,D000665,D000225,단일,D000168,,
797,복합,D000665,D000281,단일,D000699,,
798,복합,D000665,D000225,단일,D000699,,
799,복합,D000665,D000281,단일,D000469,,
800,복합,D000665,D000225,단일,D000469,,
801,복합,D000665,D000281,단일,D000263,,
802,복합,D000665,D000225,단일,D000263,,
803,복합,D000665,D000281,단일,D000386,,
804,복합,D000665,D000225,단일,D000386,,
805,단일,D000329,,단일,D000571,,
806,단일,D000818,,단일,D000571,,
807,단일,D000583,,단일,D000560,,
808,복합,D000506,D000233,단일,D000274,,
809,단일,D000422,,단일,D000560,,
810,단일,D000890,,단일,D000139,,
811,단일,D000890,,단일,D000429,,
812,단일,D000890,,단일,D000800,,
813,단일,D001016,,단일,D000139,,
814,단일,D001016,,단일,D000698,,
815,단일,D001016,,단일,D000429,,
816,단일,D001012,,단일,D000716,,methotrexate ≥ 15mg/주에 한해 금기
817,단일,D001011,,단일,D000139,,
818,단일,D001011,,단일,D000429,,
819,단일,D001010,,단일,D000139,,
820,단일,D001010,,단일,D000429,,
821,복합,D000665,D000281,단일,D000447,,
822,복합,D000665,D000225,단일,D000447,,
823,복합,D000665,D000281,단일,D000314,,
824,복합,D000665,D000225,단일,D000314,,
825,복합,D000665,D000281,단일,D000301,,
826,복합,D000665,D000225,단일,D000301,,
827,복합,D000665,D000281,단일,D000204,,
828,복합,D000665,D000225,단일,D000204,,
829,복합,D000665,D000281,단일,D000595,,
830,복합,D000665,D000225,단일,D000595,,
831,복합,D000665,D000281,단일,D000282,,
832,복합,D000665,D000225,단일,D000282,,
833,복합,D000665,D000281,단일,D000751,,
834,복합,D000665,D000225,단일,D000751,,
835,단일,D000444,,단일,D001030,,
836,단일,D000444,,단일,D001031,,
837,단일,D000444,,단일,D001032,,
838,단일,D000215,,단일,D000202,,"맥각독성(말초허혈, 감각이상, 구역, 구토) 위험 증가"
839,단일,D000215,,복합,D000747,D000852,"맥각독성(말초허혈, 감각이상, 구역, 구토) 위험 증가"
840,단일,D000215,,단일,D001073,,혈압강하작용 증가
841,단일,D000737,,단일,D001073,,Guanylate cyclase 자극제의 혈압강하작용 증가
842,단일,D000128,,단일,D001073,,Guanylate cyclase 자극제의 혈압강하작용 증가
843,단일,D000246,,단일,D001073,,Guanylate cyclase 자극제의 혈압강하작용 증가
844,단일,D000181,,단일,D001073,,Guanylate cyclase 자극제의 혈압강하작용 증가
845,단일,D000569,,단일,D001073,,Guanylate cyclase 자극제의 혈압강하작용 증가
846,단일,D000434,,단일,D001073,,Guanylate cyclase 자극제의 혈압강하작용 증가
847,단일,D000200,,단일,D000698,,"경련, 반사항진, 이상고열, 혼수 등"
848,단일,D000155,,복합,D000747,D000852,혈관수축 및 혈압상승효과를 증가시킴
849,단일,D000155,,단일,D000202,,혈관수축 및 혈압상승효과를 증가시킴
850,단일,D000213,,복합,D000673,D000561,QT연장 및 심실성부정맥 유발 가능
851,단일,D000213,,복합,D000673,D000665,QT연장 및 심실성부정맥 유발 가능
852,단일,D000213,,복합,D000673,D000281,QT연장 및 심실성부정맥 유발 가능
853,단일,D000213,,복합,D000673,D000150,QT연장 및 심실성부정맥 유발 가능
854,단일,D000213,,복합,D000673,D000395,QT연장 및 심실성부정맥 유발 가능
855,단일,D000213,,단일,D000395,,QT연장 및 심실성부정맥 유발 가능
856,단일,D000213,,단일,D000763,,QT연장 및 심실성부정맥 유발 가능
857,단일,D000213,,단일,D000003,,QT연장 및 심실성부정맥 유발 가능
858,단일,D000213,,단일,D000517,,QT연장 및 심실성부정맥 유발 가능
859,단일,D000027,,단일,D000619,,근육병증의 위험 증가 가능
860,복합,D000027,D000350,단일,D000619,,근육병증의 위험 증가 가능
861,복합,D000027,D000350,단일,D000373,,근육병증의 위험 증가 가능
862,복합,D000027,D000350,단일,D000405,,근육병증의 위험 증가 가능
863,복합,D000027,D000350,단일,D000712,,근육병증의 위험 증가 가능
864,복합,D000027,D000686,단일,D000373,,근육병증의 위험 증가 가능
865,복합,D000027,D000686,단일,D000405,,근육병증의 위험 증가 가능
866,복합,D000027,D000686,단일,D000712,,근육병증의 위험 증가 가능
867,복합,D000027,D000686,단일,D000619,,근육병증의 위험 증가 가능
868,단일,D000447,,복합,D000654,D000615,병용 시 항바이러스 약의 치료효과가 떨어지고 내성 발현 가능
869,단일,D000447,,복합,D000654,D000986,병용 시 항바이러스 약의 치료효과가 떨어지고 내성 발현 가능
870,단일,D000447,,단일,D000558,,병용 시 항바이러스 약의 치료효과가 떨어지고 내성 발현 가능
871,단일,D000447,,단일,D001074,,병용 시 항바이러스 약의 치료효과가 떨어지고 내성 발현 가능
872,단일,D000447,,단일,D000763,,병용 시 항바이러스 약의 치료효과가 떨어지고 내성 발현 가능
873,단일,D000447,,단일,D000003,,병용 시 항바이러스 약의 치료효과가 떨어지고 내성 발현 가능
874,단일,D000447,,단일,D000712,,병용 시 항바이러스 약의 치료효과가 떨어지고 내성 발현 가능
875,단일,D000447,,복합,D000712,D000626,병용 시 항바이러스 약의 치료효과가 떨어지고 내성 발현 가능
876,단일,D001075,,단일,D000150,,아수나프레비르의 농도 상승으로 인하여 심각하나 간 관련 이상반응의 발생 가능성을 증가시킬 수 있음
877,단일,D001075,,단일,D000444,,아수나프레비르의 농도 상승으로 인하여 심각하나 간 관련 이상반응의 발생 가능성을 증가시킬 수 있음
878,단일,D001075,,단일,D000015,,아수나프레비르에 대한 바이러스 반응의 소실을 유발 가능
879,단일,D001075,,단일,D000476,,아수나프레비르에 대한 바이러스 반응의 소실을 유발 가능
880,단일,D001075,,단일,D001076,,아수나프레비르의 농도 상승으로 인하여 심각하나 간 관련 이상반응의 발생 가능성을 증가시킬 수 있음
881,단일,D001075,,단일,D000373,,아수나프레비르의 농도 상승으로 인하여 심각하나 간 관련 이상반응의 발생 가능성을 증가시킬 수 있음
882,단일,D001075,,복합,D000673,D000561,아수나프레비르의 농도 상승으로 인하여 심각하나 간 관련 이상반응의 발생 가능성을 증가시킬 수 있음
883,단일,D001075,,복합,D000673,D000665,아수나프레비르의 농도 상승으로 인하여 심각하나 간 관련 이상반응의 발생 가능성을 증가시킬 수 있음
884,단일,D001075,,복합,D000673,D000281,아수나프레비르의 농도 상승으로 인하여 심각하나 간 관련 이상반응의 발생 가능성을 증가시킬 수 있음
885,단일,D001075,,복합,D000673,D000150,아수나프레비르의 농도 상승으로 인하여 심각하나 간 관련 이상반응의 발생 가능성을 증가시킬 수 있음
886,단일,D001075,,복합,D000673,D000395,아수나프레비르의 농도 상승으로 인하여 심각하나 간 관련 이상반응의 발생 가능성을 증가시킬 수 있음
887,단일,D001075,,단일,D000674,,아수나프레비르의 농도 상승으로 인하여 심각하나 간 관련 이상반응의 발생 가능성을 증가시킬 수 있음
888,단일,D001075,,단일,D001077,,아수나프레비르에 대한 바이러스 반응의 소실을 유발 가능
889,단일,D001075,,단일,D001078,,아수나프레비르에 대한 바이러스 반응의 소실을 유발 가능
890,단일,D001075,,단일,D000395,,아수나프레비르의 농도 상승으로 인하여 심각하나 간 관련 이상반응의 발생 가능성을 증가시킬 수 있음
891,단일,D001075,,단일,D000199,,아수나프레비르에 대한 바이러스 반응의 소실을 유발 가능
892,단일,D001075,,단일,D000818,,아수나프레비르의 농도 상승으로 인하여 심각하나 간 관련 이상반응의 발생 가능성을 증가시킬 수 있음
893,단일,D001075,,단일,D000201,,아수나프레비르의 농도 상승으로 인하여 심각하나 간 관련 이상반응의 발생 가능성을 증가시킬 수 있음
894,단일,D001075,,단일,D000558,,아수나프레비르에 대한 바이러스 반응의 소실을 유발 가능
895,단일,D001075,,단일,D001079,,아수나프레비르에 대한 바이러스 반응의 소실을 유발 가능
896,단일,D001075,,단일,D000256,,아수나프레비르의 농도 상승으로 인하여 심각하나 간 관련 이상반응의 발생 가능성을 증가시킬 수 있음
897,단일,D001075,,단일,D000036,,아수나프레비르에 대한 바이러스 반응의 소실을 유발 가능
898,단일,D001075,,단일,D000212,,아수나프레비르 농도상승으로 인하여 심장 부정맥을 유발할 수 있음
899,단일,D001075,,단일,D000517,,아수나프레비르의 농도 상승으로 인하여 심각하나 간 관련 이상반응의 발생 가능성을 증가시킬 수 있음
900,단일,D001075,,단일,D000209,,아수나프레비르에 대한 바이러스 반응의 소실을 유발 가능
901,단일,D001075,,단일,D000076,,아수나프레비르에 대한 바이러스 반응의 소실을 유발 가능
902,단일,D001075,,단일,D000162,,아수나프레비르의 농도 상승으로 인하여 심각하나 간 관련 이상반응의 발생 가능성을 증가시킬 수 있음
903,단일,D001075,,단일,D000763,,아수나프레비르의 농도 상승으로 인하여 심각하나 간 관련 이상반응의 발생 가능성을 증가시킬 수 있음
904,단일,D001075,,단일,D000762,,아수나프레비르의 농도 상승으로 인하여 심각하나 간 관련 이상반응의 발생 가능성을 증가시킬 수 있음
905,단일,D001075,,단일,D000769,,아수나프레비르의 농도 상승으로 인하여 심각하나 간 관련 이상반응의 발생 가능성을 증가시킬 수 있음
906,단일,D001075,,복합,D000626,D000712,아수나프레비르의 농도 상승으로 인하여 심각하나 간 관련 이상반응의 발생 가능성을 증가시킬 수 있음
907,단일,D001075,,단일,D000953,,아수나프레비르에 대한 바이러스 반응의 소실을 유발 가능
908,단일,D001075,,단일,D000632,,아수나프레비르에 대한 바이러스 반응의 소실을 유발 가능
909,단일,D001075,,단일,D001080,,아수나프레비르에 대한 바이러스 반응의 소실을 유발 가능
910,단일,D001075,,단일,D000003,,아수나프레비르의 농도 상승으로 인하여 심각하나 간 관련 이상반응의 발생 가능성을 증가시킬 수 있음
911,단일,D001075,,단일,D001074,,아수나프레비르에 대한 바이러스 반응의 소실을 유발 가능
912,단일,D001075,,단일,D000608,,아수나프레비르의 농도 상승으로 인하여 심각하나 간 관련 이상반응의 발생 가능성을 증가시킬 수 있음
913,단일,D001075,,단일,D000263,,아수나프레비르에 대한 바이러스 반응의 소실을 유발 가능
914,단일,D001075,,단일,D000282,,아수나프레비르에 대한 바이러스 반응의 소실을 유발 가능
915,단일,D001075,,단일,D000595,,아수나프레비르에 대한 바이러스 반응의 소실을 유발 가능
916,단일,D001075,,단일,D000405,,아수나프레비르의 농도 상승으로 인하여 심각하나 간 관련 이상반응의 발생 가능성을 증가시킬 수 있음
917,단일,D001075,,단일,D000103,,아수나프레비르에 대한 바이러스 반응의 소실을 유발 가능
918,단일,D001075,,단일,D000515,,아수나프레비르 농도상승으로 인하여 심장 부정맥을 유발할 수 있음
919,단일,D001075,,단일,D001081,,아수나프레비르에 대한 바이러스 반응의 소실을 유발 가능
920,단일,D001075,,단일,D000314,,아수나프레비르에 대한 바이러스 반응의 소실을 유발 가능
921,단일,D001075,,단일,D000712,,아수나프레비르의 농도 상승으로 인하여 심각하나 간 관련 이상반응의 발생 가능성을 증가시킬 수 있음
922,단일,D001075,,단일,D001082,,아수나프레비르에 대한 바이러스 반응의 소실을 유발 가능
923,단일,D001075,,단일,D000447,,아수나프레비르에 대한 바이러스 반응의 소실을 유발 가능
924,단일,D001075,,단일,D000329,,아수나프레비르의 농도 상승으로 인하여 심각하나 간 관련 이상반응의 발생 가능성을 증가시킬 수 있음
925,단일,D001075,,단일,D000443,,아수나프레비르의 농도 상승으로 인하여 심각하나 간 관련 이상반응의 발생 가능성을 증가시킬 수 있음
926,단일,D001070,,단일,D000259,,중대한 증상성 서맥이 나타날 수 있음. 병용이 필요한 경우 심장 모니터링이  권장됨
927,단일,D001070,,단일,D000476,,다클라타스비르에 대한 바이러스 반응의 소실을 유발 가능
928,단일,D001070,,단일,D000199,,다클라타스비르에 대한 바이러스 반응의 소실을 유발 가능
929,단일,D001070,,단일,D001079,,다클라타스비르에 대한 바이러스 반응의 소실을 유발 가능
930,단일,D001070,,단일,D000209,,다클라타스비르에 대한 바이러스 반응의 소실을 유발 가능
931,단일,D001070,,단일,D000953,,다클라타스비르에 대한 바이러스 반응의 소실을 유발 가능
932,단일,D001070,,단일,D000263,,다클라타스비르에 대한 바이러스 반응의 소실을 유발 가능
933,단일,D001070,,단일,D000282,,다클라타스비르에 대한 바이러스 반응의 소실을 유발 가능
934,단일,D001070,,단일,D000595,,다클라타스비르에 대한 바이러스 반응의 소실을 유발 가능
935,단일,D001070,,단일,D000103,,다클라타스비르에 대한 바이러스 반응의 소실을 유발 가능
936,단일,D001070,,단일,D001081,,다클라타스비르에 대한 바이러스 반응의 소실을 유발 가능
937,단일,D001070,,단일,D000314,,다클라타스비르에 대한 바이러스 반응의 소실을 유발 가능
938,단일,D001070,,단일,D000447,,다클라타스비르에 대한 바이러스 반응의 소실을 유발 가능
939,단일,D001071,,단일,D000259,,중대한 증상성 서맥이 나타날 수 있음. 병용이 필요한 경우 심장 모니터링이  권장됨
940,단일,D001071,,단일,D000476,,소포스부비르 혈장 농도를 현저히 떨어트려 소포스부비르의 치료 효과를 감소시킬 수 있음
941,단일,D001071,,단일,D000209,,소포스부비르 혈장 농도를 현저히 떨어트려 소포스부비르의 치료 효과를 감소시킬 수 있음
942,단일,D001071,,단일,D000632,,소포스부비르 농도를 감소시켜 소포스부비르의 치료 효과를 감소시킬 수 있음
943,단일,D001071,,단일,D000263,,소포스부비르 혈장 농도를 현저히 떨어트려 소포스부비르의 치료 효과를 감소시킬 수 있음
944,단일,D001071,,단일,D000282,,소포스부비르 혈장 농도를 현저히 떨어트려 소포스부비르의 치료 효과를 감소시킬 수 있음
945,단일,D001071,,단일,D000595,,소포스부비르 혈장 농도를 현저히 떨어트려 소포스부비르의 치료 효과를 감소시킬 수 있음
946,단일,D001071,,단일,D000103,,소포스부비르 혈장 농도를 현저히 떨어트려 소포스부비르의 치료 효과를 감소시킬 수 있음
947,단일,D001071,,단일,D001081,,항바이러스제의 혈중 농도 증가로 부작용 발생위험 증가
948,단일,D001071,,단일,D000314,,소포스부비르 혈장 농도를 현저히 떨어트려 소포스부비르의 치료 효과를 감소시킬 수 있음
949,단일,D001071,,단일,D000447,,소포스부비르 혈장 농도를 현저히 떨어트려 소포스부비르의 치료 효과를 감소시킬 수 있음
950,복합,D001072,D001071,단일,D000259,,중대한 증상성 서맥이 나타날 수 있음. 병용이 필요한 경우 심장 모니터링이  권장됨
951,복합,D001072,D001071,단일,D000476,,레디파스비르 및 소포스부비르 혈장 농도를 현저히 떨어뜨려 이 약의 치료  효과를 감소시킬 수 있음
952,복합,D001072,D001071,단일,D000209,,레디파스비르 및 소포스부비르 혈장 농도를 현저히 떨어뜨려 이 약의 치료  효과를 감소시킬 수 있음
953,복합,D001072,D001071,단일,D000632,,레디파스비르 및 소포스부비르 혈장 농도를 현저히 떨어뜨려 이 약의 치료  효과를 감소시킬 수 있음
954,복합,D001072,D001071,단일,D000263,,레디파스비르 및 소포스부비르 혈장 농도를 현저히 떨어뜨려 이 약의 치료  효과를 감소시킬 수 있음
955,복합,D001072,D001071,단일,D000282,,레디파스비르 및 소포스부비르 혈장 농도를 현저히 떨어뜨려 이 약의 치료  효과를 감소시킬 수 있음
956,복합,D001072,D001071,단일,D000595,,레디파스비르 및 소포스부비르 혈장 농도를 현저히 떨어뜨려 이 약의 치료  효과를 감소시킬 수 있음
957,복합,D001072,D001071,단일,D000103,,레디파스비르 및 소포스부비르 혈장 농도를 현저히 떨어뜨려 이 약의 치료  효과를 감소시킬 수 있음
958,복합,D001072,D001071,단일,D001081,,레디파스비르 및 소포스부비르 혈장 농도를 현저히 떨어뜨려 이 약의 치료  효과를 감소시킬 수 있음
959,복합,D001072,D001071,단일,D000314,,레디파스비르 및 소포스부비르 혈장 농도를 현저히 떨어뜨려 이 약의 치료  효과를 감소시킬 수 있음
960,복합,D001072,D001071,단일,D000219,,"로수바스타틴 농도를 현저하게 증가시킬 수 있으며, 이는 횡문근융해증을 포함하여 근육병증의 위험 증가"
961,복합,D001072,D001071,단일,D000447,,레디파스비르 및 소포스부비르 혈장 농도를 현저히 떨어뜨려 이 약의 치료  효과를 감소시킬 수 있음
962,단일,D000837,,단일,D000716,,methotrexate ≥ 15mg/주에 한해 금기
963,단일,D000762,,단일,D000385,,티카그렐러는 이트라코나졸에 의해 혈장농도가 증가 가능
964,복합,D000153,D000195,단일,D000225,,위장 pH의 증가로 릴피비린의 흡수가 저하되어 릴피비린의 치료효과 감소
965,단일,D000699,,단일,D000003,,치료효과의 손실과 약물내성 나타날 수 있음
966,단일,D000455,,단일,D000619,,횡문근융해와 같은 중증의 근육이상 보고
967,단일,D000373,,단일,D000582,,콜키신에 대한 노출 증가 가능
968,복합,D000469,D001148,단일,D000225,,위장 pH의 증가로 릴피비린의 흡수가 저하되어 릴피비린의 치료효과 감소
969,복합,D000469,D001148,복합,D000665,D000281,위장 pH의 증가로 릴피비린의 흡수가 저하되어 릴피비린의 치료효과 감소
970,복합,D000469,D001148,복합,D000665,D000225,위장 pH의 증가로 릴피비린의 흡수가 저하되어 릴피비린의 치료효과 감소
971,복합,D000153,D000195,복합,D000665,D000281,위장 pH의 증가로 릴피비린의 흡수가 저하되어 릴피비린의 치료효과 감소
972,복합,D000153,D000195,복합,D000665,D000225,위장 pH의 증가로 릴피비린의 흡수가 저하되어 릴피비린의 치료효과 감소
973,복합,D000455,D000152,단일,D000619,,횡문근융해와 같은 중증의 근육이상 보고
974,복합,D000455,D000350,단일,D000619,,횡문근융해와 같은 중증의 근육이상 보고
975,단일,D000114,,단일,D000259,,심부정맥 위험 증가 가능
976,단일,D000114,,단일,D000332,,심부정맥 위험 증가 가능
977,단일,D000114,,단일,D000035,,심부정맥 위험 증가 가능
978,단일,D000114,,단일,D000113,,심부정맥 위험 증가 가능
979,단일,D000114,,단일,D000793,,심부정맥 위험 증가 가능
980,단일,D000114,,단일,D000467,,심부정맥 위험 증가 가능
981,단일,D000114,,단일,D000430,,심부정맥 위험 증가 가능
982,복합,D000455,D000046,단일,D000619,,횡문근융해와 같은 중증의 근육이상 보고
983,단일,D000114,,단일,D000256,,심부정맥 위험 증가 가능
984,단일,D000114,,단일,D000513,,심부정맥 위험 증가 가능
985,단일,D000114,,단일,D000022,,심부정맥 위험 증가 가능
986,단일,D000114,,단일,D000842,,심부정맥 위험 증가 가능
987,단일,D000114,,단일,D000635,,심부정맥 위험 증가 가능
988,단일,D001091,,단일,D000809,,고혈압 초래 가능혈관수축작용으로 혈압상승 가능
989,단일,D001091,,단일,D000248,,
990,단일,D001091,,단일,D000810,,고혈압 초래 가능 혈관수축작용으로 혈압상승 가능
991,단일,D001091,,단일,D000501,,고혈압 초래 가능 혈관수축작용으로 혈압상승 가능
992,단일,D001091,,단일,D000362,,고혈압 초래 가능 혈관수축작용으로 혈압상승 가능
993,단일,D001091,,단일,D000466,,고혈압 초래 가능혈관수축작용으로 혈압상승 가능
994,단일,D000396,,단일,D000476,,
995,단일,D000396,,단일,D000314,,다비가트란의 혈중농도 증가
996,단일,D000396,,복합,D000314,D000265,다비가트란의 혈중농도 증가
997,단일,D000396,,복합,D000314,D000802,다비가트란의 혈중농도 증가
998,단일,D000336,,단일,D001035,,세로토닌 증후군 위험 증가 가능성
999,단일,D000386,,단일,D000003,,넬피나비르의 혈장농도가 감소되어 치료효과의 손실과 약물 내성이 나타날 수 있음.
1000,단일,D000751,,단일,D000003,,넬피나비르의 혈장농도가 감소되어 치료효과의 손실과 약물 내성이 나타날 수 있음.
1001,단일,D001149,,단일,D000762,,팔보시클립의 혈장 농도 증가
1002,단일,D001149,,단일,D000405,,팔보시클립의 혈장 농도 증가
1003,단일,D001149,,복합,D000626,D000712,팔보시클립의 혈장 농도 증가
1004,단일,D001149,,단일,D000003,,팔보시클립의 혈장 농도 증가
1005,단일,D001149,,단일,D000712,,팔보시클립의 혈장 농도 증가
1006,단일,D001149,,단일,D001079,,팔보시클립의 혈장 농도 증가
1007,단일,D001149,,단일,D000314,,팔보시클립의 혈장 농도 증가
1008,단일,D000396,,단일,D000769,,다비가트란의 혈중농도 증가
1009,단일,D000396,,단일,D000447,,다비가트란의 혈중농도 증가
1010,단일,D001149,,단일,D000769,,팔보시클립의 혈장 농도 증가
1011,단일,D001149,,단일,D000763,,팔보시클립의 혈장 농도 증가
1012,단일,D001091,,단일,D000277,,고혈압 초래 가능혈관수축작용으로 혈압상승 가능
1013,단일,D001149,,단일,D000476,,팔보시클립의 혈장 농도 증가
1014,단일,D001149,,단일,D000595,,팔보시클립의 혈장 농도 증가
1015,단일,D001149,,단일,D000447,,팔보시클립의 혈장 농도 감소
1016,단일,D000396,,단일,D000595,,다비가트란의 혈중농도 증가
1017,단일,D001149,,단일,D000443,,팔보시클립의 혈장 농도 증가
1018,단일,D000396,,복합,D000314,D001151,다비가트란의 혈중농도 감소
1019,단일,D001149,,단일,D000373,,팔보시클립의 혈장 농도 증가
1020,복합,D001171,D001172,단일,D000476,,엘바스비르와 그라조프레비르의 혈장 농도가 유의하게 감소하여 이 약의 바이러스학적 반응 감소 가능
1021,복합,D001171,D001172,단일,D000558,,엘바스비르와 그라조프레비르의 혈장 농도가 유의하게 감소하여 이 약의 바이러스학적 반응 감소 가능
1022,복합,D001171,D001172,단일,D000595,,엘바스비르와 그라조프레비르의 혈장 농도가 유의하게 감소하여 이 약의 바이러스학적 반응 감소 가능
1023,복합,D001171,D001172,단일,D000314,,엘바스비르와 그라조프레비르의 혈장 농도가 유의하게 감소하여 이 약의 바이러스학적 반응 감소 가능
1024,복합,D001171,D001172,단일,D000447,,엘바스비르와 그라조프레비르의 혈장 농도가 유의하게 감소하여 이 약의 바이러스학적 반응 감소 가능
1025,복합,D001171,D001172,복합,D001172,D000150,그라조프레비르의 혈장 농도가 유의하게 증가하여 ALT 상승 위험 증가 가능
1026,복합,D001171,D001172,단일,D000334,,그라조프레비르의 혈장 농도가 유의하게 증가하여 ALT 상승 위험 증가 가능
1027,복합,D001171,D001172,단일,D000395,,그라조프레비르의 혈장 농도가 유의하게 증가하여 ALT 상승 위험 증가 가능
1028,복합,D001171,D001172,복합,D000626,D000712,그라조프레비르의 혈장 농도가 유의하게 증가하여 ALT 상승 위험 증가 가능
1029,단일,D000749,,복합,D001174,D001175,ALT 수치 상승이 정상최고치(ULN) 대비 5배 이상 나오는 빈도가 유의적으로 높게 나타남
1030,단일,D000749,,복합,D001174,D000712,ALT 수치 상승이 정상최고치(ULN) 대비 5배 이상 나오는 빈도가 유의적으로 높게 나타남
1031,복합,D000749,D000389,복합,D001174,D001175,ALT 수치 상승이 정상최고치(ULN) 대비 5배 이상 나오는 빈도가 유의적으로 높게 나타남
1032,복합,D000749,D000389,복합,D001174,D000712,ALT 수치 상승이 정상최고치(ULN) 대비 5배 이상 나오는 빈도가 유의적으로 높게 나타남
1033,복합,D000749,D000617,복합,D001174,D001175,ALT 수치 상승이 정상최고치 (ULN) 대비 5배 이상 나오는 빈도가 유의적으로 높게 나타남
1034,복합,D000749,D000617,복합,D001174,D000712,ALT 수치 상승이 정상최고치 (ULN) 대비 5배 이상 나오는 빈도가 유의적으로 높게 나타남
1035,복합,D000749,D000694,복합,D001174,D001175,ALT 수치 상승이 정상최고치(ULN) 대비 5배 이상 나오는 빈도가 유의적으로 높게 나타남
1036,복합,D000749,D000694,복합,D001174,D000712,ALT 수치 상승이 정상최고치(ULN) 대비 5배 이상 나오는 빈도가 유의적으로 높게 나타남
1037,복합,D000749,D000789,복합,D001174,D001175,ALT 수치 상승이 정상치 상한 기준보다 20배 이상 높게 나타나는 데 영향이 있음
1038,복합,D000749,D000789,복합,D001174,D000712,ALT 수치 상승이 정상치 상한 기준보다 20배 이상 높게 나타나는 데 영향이 있음
1039,복합,D000749,D000733,복합,D001174,D001175,ALT 수치가 정상치 상한 기준보다 20배 이상 높게 나타나는 데 영향이 있음
1040,복합,D000749,D000733,복합,D001174,D000712,ALT 수치가 정상치 상한 기준보다 20배 이상 높게 나타나는 데 영향이 있음
1041,단일,D000716,,단일,D001176,,"엽산 의존 대사 경로에서 구내염, 골수억제 및 신경독성과 같은 독성을 잠재적으로 유발하는 메토트렉세이트의 효과 증가"
1042,단일,D000076,,단일,D001177,,"다사부비르의 AUC 약 11배, Cmax 약 2배 증가 다사부비르의 혈중농도 증가는 QT 연장을 일으킬 수 있음."
1043,단일,D000076,,단일,D001178,,"셀레시팍 노출 약 2배 증가, 셀레시팍 활성대사체 노출 약 11배 증가"
1044,복합,D000018,D001312,단일,D000505,,판막심장병 위험
1045,복합,D000018,D001312,단일,D001063,,안전성 및 유효성 미확립
1046,복합,D000018,D001312,단일,D000714,,폐동맥고혈압 위험 증가
1047,복합,D000018,D001312,단일,D000701,,판막심장병 위험
1048,복합,D000018,D001312,단일,D000795,,판막심장병 위험
1049,단일,D001063,,단일,D000505,,판막심장병 위험
1050,단일,D001063,,단일,D000714,,폐동맥고혈압 위험 증가
1051,단일,D001063,,단일,D000701,,판막심장병 위험
1052,단일,D001063,,단일,D000795,,판막심장병 위험
1053,단일,D000113,,복합,D000302,D000051,Levodopa의 치료효과 감소
1054,단일,D000113,,복합,D000302,D000039,
1055,단일,D000113,,복합,D000302,D000563,Levodopa의 치료효과 감소
1056,단일,D000113,,단일,D000259,,QT간격 연장 위험 증가
1057,단일,D000113,,단일,D000201,,QT간격 연장 위험 증가
1058,단일,D000113,,단일,D000022,,QT간격 연장 위험 증가
1059,단일,D000113,,단일,D000332,,QT간격 연장 위험 증가
1060,단일,D000113,,단일,D000035,,QT간격 연장 위험 증가
1061,단일,D000113,,단일,D000742,,QT간격 연장 위험 증가
1062,단일,D000113,,단일,D000373,,QT간격 연장 위험 증가
1063,단일,D000113,,단일,D000793,,QT간격 연장 위험 증가
1064,단일,D000113,,단일,D000430,,QT간격 연장 위험 증가
1065,단일,D000113,,단일,D000584,,QT간격 연장 위험 증가
1066,단일,D000113,,단일,D000792,,QT간격 연장 위험 증가
1067,단일,D000113,,단일,D000256,,QT간격 연장 위험 증가
1068,단일,D000113,,단일,D000213,,QT간격 연장 위험 증가
1069,단일,D000113,,단일,D000173,,QT간격 연장 위험 증가
1070,단일,D000113,,단일,D000513,,QT간격 연장 위험 증가
1071,단일,D000113,,단일,D000319,,QT간격 연장 위험 증가
1072,단일,D000113,,단일,D000842,,QT간격 연장 위험 증가
1073,단일,D000113,,단일,D000635,,QT간격 연장 위험 증가
1074,복합,D000673,D000561,단일,D000476,,Cobicistat 및 Elvitegravir의 혈중농도 감소로 치료효과 소실 및 내성 발현 가능
1075,복합,D000673,D000665,단일,D000476,,Cobicistat 및 Elvitegravir의 혈중농도 감소로 치료효과 소실 및 내성 발현 가능
1076,복합,D000673,D000281,단일,D000476,,Cobicistat 및 Elvitegravir의 혈중농도 감소로 치료효과 소실 및 내성 발현 가능
1077,단일,D001314,,단일,D000146,,골절 및 사망률 증가
1078,단일,D000762,,단일,D000201,,"Dronedarone의 혈중농도 증가, TdP를 포함하는 중대한 심실성 부정맥 같은 Dronedarone 관련 약물이상반응 발생 위험이 증가. Itraconazole 투여 중 및 종료 후 2주 간 해당 성분 투여 금기"
1079,단일,D000762,,단일,D000719,,"Mizolastine의 혈중농도 증가, QT 연장 같은 Mizolastine 관련 약물이상반응 발생 위험이 증가. Itraconazole 투여 중 및 종료 후 2주 간 해당 성분 투여 금기"
1080,단일,D000762,,단일,D000161,,"골수억제, 설사 등 이상반응 증가, Itraconazole 투여 중 및 종료 후 2주 간 해당 성분 투여 금기"
1081,단일,D000762,,단일,D000404,,"Felodipine의 혈중농도 증가, 저혈압 및 말초부종 같은 약물이상반응 발생 위험이 증가. Itraconazole 투여 중 및 종료 후 2주 간 해당 성분 투여 금기"
1082,단일,D000762,,단일,D000616,,"Lercanidipine의 혈중농도 증가, 저혈압 및 말초부종 같은 약물이상반응 발생 위험이 증가. Itraconazole 투여 중 및 종료 후 2주 간 해당 성분 투여 금기"
1083,단일,D000762,,단일,D000084,,"Dapoxetine의 혈중농도 증가, Itraconazole 투여 중 및 종료 후 2주 간 해당 성분 투여 금기"
1084,단일,D000517,,단일,D000256,,"QT연장, Torsade de pointes 위험성 증가"
1085,단일,D000443,,단일,D001081,,"Rifabutin의 혈중농도 증가, Voriconazole의 농도 감소"
1086,단일,D000443,,단일,D000282,,"Phenobarbital의 혈중농도 증가, Voriconazole의 농도 감소"
1087,단일,D000443,,단일,D001082,,Sirolimus의 농도 증가
1088,단일,D000443,,단일,D000447,,Voriconazole의 농도 감소
1089,단일,D000405,,단일,D000455,,횡문근융해를 비롯한 근육병증 발생가능성 증가
1090,복합,D000673,D000561,단일,D000282,,Cobicistat 및 Elvitegravir의 혈중농도 감소로 치료효과 소실 및 내성 발현 가능
1091,복합,D000673,D000665,단일,D000282,,Cobicistat 및 Elvitegravir의 혈중농도 감소로 치료효과 소실 및 내성 발현 가능
1092,복합,D000673,D000281,단일,D000282,,Cobicistat 및 Elvitegravir의 혈중농도 감소로 치료효과 소실 및 내성 발현 가능
1093,복합,D000673,D000561,단일,D000595,,Cobicistat 및 Elvitegravir의 혈중농도 감소로 치료효과 소실 및 내성 발현 가능
1094,복합,D000673,D000665,단일,D000595,,Cobicistat 및 Elvitegravir의 혈중농도 감소로 치료효과 소실 및 내성 발현 가능
1095,복합,D000673,D000281,단일,D000595,,Cobicistat 및 Elvitegravir의 혈중농도 감소로 치료효과 소실 및 내성 발현 가능
1096,복합,D000673,D000561,단일,D000209,,Cobicistat 및 Elvitegravir의 혈중농도 감소로 치료효과 소실 및 내성 발현 가능
1097,복합,D000673,D000665,단일,D000209,,Cobicistat 및 Elvitegravir의 혈중농도 감소로 치료효과 소실 및 내성 발현 가능
1098,복합,D000673,D000281,단일,D000209,,Cobicistat 및 Elvitegravir의 혈중농도 감소로 치료효과 소실 및 내성 발현 가능
1099,복합,D000673,D000561,단일,D001081,,Cobicistat 및 Elvitegravir의 혈중농도 감소로 치료효과 소실 및 내성 발현 가능
1100,복합,D000673,D000665,단일,D001081,,Cobicistat 및 Elvitegravir의 혈중농도 감소로 치료효과 소실 및 내성 발현 가능
1101,복합,D000673,D000281,단일,D001081,,Cobicistat 및 Elvitegravir의 혈중농도 감소로 치료효과 소실 및 내성 발현 가능
1102,복합,D000673,D000561,단일,D000314,,Cobicistat 및 Elvitegravir의 혈중농도 감소로 치료효과 소실 및 내성 발현 가능
1103,복합,D000673,D000665,단일,D000314,,Cobicistat 및 Elvitegravir의 혈중농도 감소로 치료효과 소실 및 내성 발현 가능
1104,복합,D000673,D000281,단일,D000314,,Cobicistat 및 Elvitegravir의 혈중농도 감소로 치료효과 소실 및 내성 발현 가능
1105,복합,D000673,D000561,단일,D000447,,Cobicistat 및 Elvitegravir의 혈중농도 감소로 치료효과 소실 및 내성 발현 가능
1106,복합,D000673,D000665,단일,D000447,,Cobicistat 및 Elvitegravir의 혈중농도 감소로 치료효과 소실 및 내성 발현 가능
1107,복합,D000673,D000281,단일,D000447,,Cobicistat 및 Elvitegravir의 혈중농도 감소로 치료효과 소실 및 내성 발현 가능
1108,복합,D000673,D000561,단일,D001030,,Alfuzosin 혈중농도 증가
1109,복합,D000673,D000665,단일,D001030,,Alfuzosin 혈중농도 증가
1110,복합,D000673,D000281,단일,D001030,,Alfuzosin 혈중농도 증가
1111,복합,D000673,D000561,단일,D000259,,Amiodarone 혈중농도 증가
1112,복합,D000673,D000665,단일,D000259,,Amiodarone 혈중농도 증가
1113,복합,D000673,D000281,단일,D000259,,Amiodarone 혈중농도 증가
1114,복합,D000673,D000561,단일,D000020,,Blonanserin 혈중농도 증가
1115,복합,D000673,D000665,단일,D000020,,Blonanserin 혈중농도 증가
1116,복합,D000673,D000281,단일,D000020,,Blonanserin 혈중농도 증가
1117,복합,D000673,D000561,단일,D000202,,"Dihydroergotamine 혈중농도 증가, 말초혈관연축 또는 국소빈혈"
1118,복합,D000673,D000665,단일,D000202,,"Dihydroergotamine 혈중농도 증가, 말초혈관연축 또는 국소빈혈"
1119,복합,D000673,D000281,단일,D000202,,"Dihydroergotamine 혈중농도 증가, 말초혈관연축 또는 국소빈혈"
1120,복합,D000673,D000561,단일,D000228,,"Ergometrine 혈중농도 증가, 말초혈관연축 또는 국소빈혈"
1121,복합,D000673,D000665,단일,D000228,,"Ergometrine 혈중농도 증가, 말초혈관연축 또는 국소빈혈"
1122,복합,D000673,D000281,단일,D000228,,"Ergometrine 혈중농도 증가, 말초혈관연축 또는 국소빈혈"
1123,복합,D000673,D000561,복합,D000747,D000852,"Ergotamine 혈중농도 증가, 말초혈관연축 또는 국소빈혈"
1124,복합,D000673,D000665,복합,D000747,D000852,"Ergotamine 혈중농도 증가, 말초혈관연축 또는 국소빈혈"
1125,복합,D000673,D000281,복합,D000747,D000852,"Ergotamine 혈중농도 증가, 말초혈관연축 또는 국소빈혈"
1126,복합,D000673,D000561,단일,D000419,,"Lovastatin 혈중농도 증가, 횡문근융해를 비롯한 근육병증"
1127,복합,D000673,D000665,단일,D000419,,"Lovastatin 혈중농도 증가, 횡문근융해를 비롯한 근육병증"
1128,복합,D000673,D000281,단일,D000419,,"Lovastatin 혈중농도 증가, 횡문근융해를 비롯한 근육병증"
1129,복합,D000673,D000561,단일,D000027,,"Simvastatin 혈중농도 증가, 횡문근융해를 비롯한 근육병증"
1130,복합,D000673,D000665,단일,D000027,,"Simvastatin 혈중농도 증가, 횡문근융해를 비롯한 근육병증"
1131,복합,D000673,D000281,단일,D000027,,"Simvastatin 혈중농도 증가, 횡문근융해를 비롯한 근육병증"
1132,복합,D000673,D000561,단일,D000592,,"Triazolam 혈중농도 증가, 진정 또는 호흡 억제의 연장 또는 증가"
1133,복합,D000673,D000665,단일,D000592,,"Triazolam 혈중농도 증가, 진정 또는 호흡 억제의 연장 또는 증가"
1134,복합,D000673,D000281,단일,D000592,,"Triazolam 혈중농도 증가, 진정 또는 호흡 억제의 연장 또는 증가"
1135,복합,D000673,D000561,단일,D000246,,"Sildenafil 혈중농도 증가, 병용투여 할 경우에는 Sildenafil의 투여용량이 25mg을 초과하지 않도록 하며, 48시간 내 재투여 금지"
1136,복합,D000673,D000665,단일,D000246,,"Sildenafil 혈중농도 증가, 병용투여 할 경우에는 Sildenafil의 투여용량이 25mg을 초과하지 않도록 하며, 48시간 내 재투여 금지"
1137,복합,D000673,D000281,단일,D000246,,"Sildenafil 혈중농도 증가, 병용투여 할 경우에는 Sildenafil의 투여용량이 25mg을 초과하지 않도록 하며, 48시간 내 재투여 금지"
1138,복합,D000673,D000561,단일,D000181,,"Tadalafil 혈중농도 증가, 병용투여 할 경우에는 Tadalafil의 투여용량이 10mg을 초과하지 않도록 하며, 72시간 내 재투여 금지"
1139,복합,D000673,D000665,단일,D000181,,"Tadalafil 혈중농도 증가, 병용투여 할 경우에는 Tadalafil의 투여용량이 10mg을 초과하지 않도록 하며, 72시간 내 재투여 금지"
1140,복합,D000673,D000281,단일,D000181,,"Tadalafil 혈중농도 증가, 병용투여 할 경우에는 Tadalafil의 투여용량이 10mg을 초과하지 않도록 하며, 72시간 내 재투여 금지"
1141,단일,D001075,,단일,D000334,,아수나프레비르에 대한 바이러스 반응의 소실을 유발 가능
1142,단일,D000027,,단일,D000334,,혈중농도 상승 및 근육병증/횡문근융해증 위험성 증가
1143,단일,D000219,,단일,D000334,,혈중농도 상승 및 근육병증/횡문근융해증 위험성 증가
1144,단일,D000455,,단일,D000334,,혈중농도 상승 및 근육병증/횡문근융해증 위험성 증가
1145,단일,D000419,,단일,D000334,,혈중농도 상승 및 근육병증/횡문근융해증 위험성 증가
1146,단일,D000518,,단일,D000334,,혈중농도 상승 및 근육병증/횡문근융해증 위험성 증가
1147,단일,D000760,,복합,D000718,D000442,기능적 신부전에 의해 유산 산성증 촉진
1148,단일,D000760,,복합,D000718,D000600,기능적 신부전에 의해 유산 산성증 촉진
1149,단일,D000760,,복합,D000718,D000690,기능적 신부전에 의해 유산 산성증 촉진
1150,단일,D000760,,복합,D000718,D000392,기능적 신부전에 의해 유산 산성증 촉진
1151,단일,D000760,,복합,D000718,D000418,기능적 신부전에 의해 유산 산성증 촉진
1152,단일,D000760,,복합,D000718,D000445,기능적 신부전에 의해 유산 산성증 촉진
1153,단일,D000760,,복합,D000718,D000117,기능적 신부전에 의해 유산 산성증 촉진
1154,단일,D000760,,복합,D000718,D000157,기능적 신부전에 의해 유산 산성증 촉진
1155,단일,D000831,,복합,D000718,D000442,기능적 신부전에 의해 유산 산성증 촉진
1156,단일,D000760,,복합,D000718,D000219,기능적 신부전에 의해 유산 산성증 촉진
1157,단일,D000760,,복합,D000718,D000109,기능적 신부전에 의해 유산 산성증 촉진
1158,단일,D000760,,복합,D000718,D001008,기능적 신부전에 의해 유산 산성증 촉진
1159,단일,D000760,,복합,D000718,D001328,기능적 신부전에 의해 유산 산성증 촉진
1160,단일,D000760,,복합,D000718,D000244,기능적 신부전에 의해 유산 산성증 촉진
1161,단일,D000760,,복합,D000718,D000455,기능적 신부전에 의해 유산 산성증 촉진
1162,단일,D000760,,복합,D000718,D000670,기능적 신부전에 의해 유산 산성증 촉진
1163,단일,D000831,,복합,D000718,D000600,기능적 신부전에 의해 유산 산성증 촉진
1164,단일,D000831,,복합,D000718,D000690,기능적 신부전에 의해 유산 산성증 촉진
1165,단일,D000831,,복합,D000718,D000392,기능적 신부전에 의해 유산 산성증 촉진
1166,단일,D000831,,복합,D000718,D000418,기능적 신부전에 의해 유산 산성증 촉진
1167,단일,D000831,,복합,D000718,D000219,기능적 신부전에 의해 유산 산성증 촉진
1168,단일,D000831,,복합,D000718,D000445,기능적 신부전에 의해 유산 산성증 촉진
1169,단일,D000831,,복합,D000718,D000109,기능적 신부전에 의해 유산 산성증 촉진
1170,단일,D000831,,복합,D000718,D001008,기능적 신부전에 의해 유산 산성증 촉진
1171,단일,D000831,,복합,D000718,D000117,기능적 신부전에 의해 유산 산성증 촉진
1172,단일,D000831,,복합,D000718,D000244,기능적 신부전에 의해 유산 산성증 촉진
1173,단일,D000831,,복합,D000718,D000157,기능적 신부전에 의해 유산 산성증 촉진
1174,단일,D000831,,복합,D000718,D000670,기능적 신부전에 의해 유산 산성증 촉진
1175,단일,D000669,,복합,D000718,D000442,기능적 신부전에 의해 유산 산성증 촉진
1176,단일,D000831,,복합,D000718,D001328,기능적 신부전에 의해 유산 산성증 촉진
1177,단일,D000831,,복합,D000718,D000455,기능적 신부전에 의해 유산 산성증 촉진
1178,단일,D000669,,복합,D000718,D000600,기능적 신부전에 의해 유산 산성증 촉진
1179,단일,D000669,,복합,D000718,D000690,기능적 신부전에 의해 유산 산성증 촉진
1180,단일,D000669,,복합,D000718,D000392,기능적 신부전에 의해 유산 산성증 촉진
1181,단일,D000669,,복합,D000718,D000418,기능적 신부전에 의해 유산 산성증 촉진
1182,단일,D000669,,복합,D000718,D000219,기능적 신부전에 의해 유산 산성증 촉진
1183,단일,D000669,,복합,D000718,D000445,기능적 신부전에 의해 유산 산성증 촉진
1184,단일,D000669,,복합,D000718,D000109,기능적 신부전에 의해 유산 산성증 촉진
1185,단일,D000669,,복합,D000718,D001008,기능적 신부전에 의해 유산 산성증 촉진
1186,단일,D000669,,복합,D000718,D000117,기능적 신부전에 의해 유산 산성증 촉진
1187,단일,D000669,,복합,D000718,D001328,기능적 신부전에 의해 유산 산성증 촉진
1188,단일,D000669,,복합,D000718,D000244,기능적 신부전에 의해 유산 산성증 촉진
1189,단일,D000669,,복합,D000718,D000455,기능적 신부전에 의해 유산 산성증 촉진
1190,단일,D000669,,복합,D000718,D000157,기능적 신부전에 의해 유산 산성증 촉진
1191,단일,D000669,,복합,D000718,D000670,기능적 신부전에 의해 유산 산성증 촉진
1192,단일,D000364,,복합,D000718,D000442,기능적 신부전에 의해 유산 산성증 촉진
1193,단일,D000364,,복합,D000718,D000600,기능적 신부전에 의해 유산 산성증 촉진
1194,단일,D000364,,복합,D000718,D000690,기능적 신부전에 의해 유산 산성증 촉진
1195,단일,D000364,,복합,D000718,D000392,기능적 신부전에 의해 유산 산성증 촉진
1196,단일,D000364,,복합,D000718,D000418,기능적 신부전에 의해 유산 산성증 촉진
1197,단일,D000364,,복합,D000718,D000219,기능적 신부전에 의해 유산 산성증 촉진
1198,단일,D000364,,복합,D000718,D000445,기능적 신부전에 의해 유산 산성증 촉진
1199,단일,D000364,,복합,D000718,D000109,기능적 신부전에 의해 유산 산성증 촉진
1200,단일,D000364,,복합,D000718,D001008,기능적 신부전에 의해 유산 산성증 촉진
1201,단일,D000364,,복합,D000718,D000117,기능적 신부전에 의해 유산 산성증 촉진
1202,단일,D000364,,복합,D000718,D001328,기능적 신부전에 의해 유산 산성증 촉진
1203,단일,D000364,,복합,D000718,D000244,기능적 신부전에 의해 유산 산성증 촉진
1204,단일,D000364,,복합,D000718,D000455,기능적 신부전에 의해 유산 산성증 촉진
1205,단일,D000364,,복합,D000718,D000157,기능적 신부전에 의해 유산 산성증 촉진
1206,단일,D000364,,복합,D000718,D000670,기능적 신부전에 의해 유산 산성증 촉진
1207,단일,D000267,,복합,D000718,D000442,기능적 신부전에 의해 유산 산성증 촉진
1208,단일,D000267,,복합,D000718,D000600,기능적 신부전에 의해 유산 산성증 촉진
1209,단일,D000267,,복합,D000718,D000690,기능적 신부전에 의해 유산 산성증 촉진
1210,단일,D000267,,복합,D000718,D000392,기능적 신부전에 의해 유산 산성증 촉진
1211,단일,D000267,,복합,D000718,D000418,기능적 신부전에 의해 유산 산성증 촉진
1212,단일,D000267,,복합,D000718,D000219,기능적 신부전에 의해 유산 산성증 촉진
1213,단일,D000267,,복합,D000718,D000445,기능적 신부전에 의해 유산 산성증 촉진
1214,단일,D000267,,복합,D000718,D000109,기능적 신부전에 의해 유산 산성증 촉진
1215,단일,D000267,,복합,D000718,D001008,기능적 신부전에 의해 유산 산성증 촉진
1216,단일,D000267,,복합,D000718,D000117,기능적 신부전에 의해 유산 산성증 촉진
1217,단일,D000267,,복합,D000718,D001328,기능적 신부전에 의해 유산 산성증 촉진
1218,단일,D000267,,복합,D000718,D000244,기능적 신부전에 의해 유산 산성증 촉진
1219,단일,D000267,,복합,D000718,D000157,기능적 신부전에 의해 유산 산성증 촉진
1220,단일,D000267,,복합,D000718,D000455,기능적 신부전에 의해 유산 산성증 촉진
1221,단일,D000267,,복합,D000718,D000670,기능적 신부전에 의해 유산 산성증 촉진
1222,단일,D000761,,복합,D000718,D000442,기능적 신부전에 의해 유산 산성증 촉진
1223,단일,D000761,,복합,D000718,D000600,기능적 신부전에 의해 유산 산성증 촉진
1224,단일,D000761,,복합,D000718,D000690,기능적 신부전에 의해 유산 산성증 촉진
1225,단일,D000761,,복합,D000718,D000392,기능적 신부전에 의해 유산 산성증 촉진
1226,단일,D000761,,복합,D000718,D000418,기능적 신부전에 의해 유산 산성증 촉진
1227,단일,D000761,,복합,D000718,D000219,기능적 신부전에 의해 유산 산성증 촉진
1228,단일,D000761,,복합,D000718,D000445,기능적 신부전에 의해 유산 산성증 촉진
1229,단일,D000761,,복합,D000718,D000109,기능적 신부전에 의해 유산 산성증 촉진
1230,단일,D000761,,복합,D000718,D001008,기능적 신부전에 의해 유산 산성증 촉진
1231,단일,D000761,,복합,D000718,D000117,기능적 신부전에 의해 유산 산성증 촉진
1232,단일,D000761,,복합,D000718,D001328,기능적 신부전에 의해 유산 산성증 촉진
1233,단일,D000761,,복합,D000718,D000244,기능적 신부전에 의해 유산 산성증 촉진
1234,단일,D000761,,복합,D000718,D000455,기능적 신부전에 의해 유산 산성증 촉진
1235,단일,D000761,,복합,D000718,D000157,기능적 신부전에 의해 유산 산성증 촉진
1236,단일,D000761,,복합,D000718,D000670,기능적 신부전에 의해 유산 산성증 촉진
1237,단일,D001329,,복합,D000718,D000442,기능적 신부전에 의해 유산 산성증 촉진
1238,단일,D001329,,복합,D000718,D000600,기능적 신부전에 의해 유산 산성증 촉진
1239,단일,D001329,,복합,D000718,D000690,기능적 신부전에 의해 유산 산성증 촉진
1240,단일,D001329,,복합,D000718,D000392,기능적 신부전에 의해 유산 산성증 촉진
1241,단일,D001329,,복합,D000718,D000418,기능적 신부전에 의해 유산 산성증 촉진
1242,단일,D001329,,복합,D000718,D000219,기능적 신부전에 의해 유산 산성증 촉진
1243,단일,D001329,,복합,D000718,D000445,기능적 신부전에 의해 유산 산성증 촉진
1244,단일,D001329,,복합,D000718,D000109,기능적 신부전에 의해 유산 산성증 촉진
1245,단일,D001329,,복합,D000718,D001008,기능적 신부전에 의해 유산 산성증 촉진
1246,단일,D001329,,복합,D000718,D000117,기능적 신부전에 의해 유산 산성증 촉진
1247,단일,D001329,,복합,D000718,D001328,기능적 신부전에 의해 유산 산성증 촉진
1248,단일,D001329,,복합,D000718,D000244,기능적 신부전에 의해 유산 산성증 촉진
1249,단일,D001329,,복합,D000718,D000455,기능적 신부전에 의해 유산 산성증 촉진
1250,단일,D001329,,복합,D000718,D000157,기능적 신부전에 의해 유산 산성증 촉진
1251,단일,D001329,,복합,D000718,D000670,기능적 신부전에 의해 유산 산성증 촉진
1252,단일,D000032,,복합,D000718,D000442,기능적 신부전에 의해 유산 산성증 촉진
1253,단일,D000032,,복합,D000718,D000600,기능적 신부전에 의해 유산 산성증 촉진
1254,단일,D000032,,복합,D000718,D000690,기능적 신부전에 의해 유산 산성증 촉진
1255,단일,D000032,,복합,D000718,D000392,기능적 신부전에 의해 유산 산성증 촉진
1256,단일,D000032,,복합,D000718,D000418,기능적 신부전에 의해 유산 산성증 촉진
1257,단일,D000032,,복합,D000718,D000219,기능적 신부전에 의해 유산 산성증 촉진
1258,단일,D000032,,복합,D000718,D000445,기능적 신부전에 의해 유산 산성증 촉진
1259,단일,D000032,,복합,D000718,D000109,기능적 신부전에 의해 유산 산성증 촉진
1260,단일,D000032,,복합,D000718,D001008,기능적 신부전에 의해 유산 산성증 촉진
1261,단일,D000032,,복합,D000718,D000117,기능적 신부전에 의해 유산 산성증 촉진
1262,단일,D000032,,복합,D000718,D000244,기능적 신부전에 의해 유산 산성증 촉진
1263,단일,D000032,,복합,D000718,D001328,기능적 신부전에 의해 유산 산성증 촉진
1264,단일,D000032,,복합,D000718,D000455,기능적 신부전에 의해 유산 산성증 촉진
1265,단일,D000032,,복합,D000718,D000157,기능적 신부전에 의해 유산 산성증 촉진
1266,단일,D000032,,복합,D000718,D000670,기능적 신부전에 의해 유산 산성증 촉진
1267,단일,D000165,,복합,D000718,D000442,기능적 신부전에 의해 유산 산성증 촉진
1268,단일,D000165,,복합,D000718,D000600,기능적 신부전에 의해 유산 산성증 촉진
1269,단일,D000165,,복합,D000718,D000690,기능적 신부전에 의해 유산 산성증 촉진
1270,단일,D000165,,복합,D000718,D000392,기능적 신부전에 의해 유산 산성증 촉진
1271,단일,D000165,,복합,D000718,D000418,기능적 신부전에 의해 유산 산성증 촉진
1272,단일,D000165,,복합,D000718,D000219,기능적 신부전에 의해 유산 산성증 촉진
1273,단일,D000165,,복합,D000718,D000445,기능적 신부전에 의해 유산 산성증 촉진
1274,단일,D000165,,복합,D000718,D000109,기능적 신부전에 의해 유산 산성증 촉진
1275,단일,D000165,,복합,D000718,D001008,기능적 신부전에 의해 유산 산성증 촉진
1276,단일,D000165,,복합,D000718,D000117,기능적 신부전에 의해 유산 산성증 촉진
1277,단일,D000165,,복합,D000718,D001328,기능적 신부전에 의해 유산 산성증 촉진
1278,단일,D000165,,복합,D000718,D000244,기능적 신부전에 의해 유산 산성증 촉진
1279,단일,D000165,,복합,D000718,D000455,기능적 신부전에 의해 유산 산성증 촉진
1280,단일,D000165,,복합,D000718,D000157,기능적 신부전에 의해 유산 산성증 촉진
1281,단일,D000165,,복합,D000718,D000670,기능적 신부전에 의해 유산 산성증 촉진
1282,단일,D000448,,단일,D000698,,"고혈압, 빈맥 유발"
1283,복합,D000316,D000448,단일,D000698,,"고혈압, 빈맥 유발"
1284,복합,D000080,D000260,단일,D000623,,해당 약물 병용 시 gimeracil에 의해 fluoropyrimidine 계열 약물의 대사가 감소하여 항암제의 독성이 증가 gimeracil/oteracil/tegafur 투여 중 및 종료 후 7일 간 해당 성분 투여 금기
1285,복합,D000080,D000483,단일,D000623,,해당 약물 병용 시 gimeracil에 의해 fluoropyrimidine 계열 약물의 대사가 감소하여 항암제의 독성이 증가 gimeracil/oteracil/tegafur 투여 중 및 종료 후 7일 간 해당 성분 투여 금기
1286,복합,D000080,D000260,단일,D000768,,해당 약물 병용 시 gimeracil에 의해 fluoropyrimidine 계열 약물의 대사가 감소하여 항암제의 독성이 증가 gimeracil/oteracil/tegafur 투여 중 및 종료 후 7일 간 해당 성분 투여 금기
1287,복합,D000080,D000483,단일,D000768,,해당 약물 병용 시 gimeracil에 의해 fluoropyrimidine 계열 약물의 대사가 감소하여 항암제의 독성이 증가 gimeracil/oteracil/tegafur 투여 중 및 종료 후 7일 간 해당 성분 투여 금기
1288,복합,D000080,D000260,단일,D000504,,해당 약물 병용 시 gimeracil에 의해 fluoropyrimidine 계열 약물의 대사가 감소하여 항암제의 독성이 증가 gimeracil/oteracil/tegafur 투여 중 및 종료 후 7일 간 해당 성분 투여 금기
1289,복합,D000080,D000483,단일,D000504,,해당 약물 병용 시 gimeracil에 의해 fluoropyrimidine 계열 약물의 대사가 감소하여 항암제의 독성이 증가 gimeracil/oteracil/tegafur 투여 중 및 종료 후 7일 간 해당 성분 투여 금기
1290,복합,D000546,D000067,단일,D000716,,신세뇨관에서 methotrexate 배설이 지연되어 methotrexate의 혈액학적 독성 증가
1291,복합,D001362,D001363,단일,D000150,,Glecaprevir의 혈장 농도가 유의하게 증가하여 ALT 상승 위험 증가 가능
1292,복합,D001362,D001363,단일,D000455,,횡문근융해증을 비롯한 근육질환 등 중증 이상반응
1293,복합,D001362,D001363,단일,D000027,,횡문근융해증을 비롯한 근육질환 등 중증 이상반응
1294,복합,D001362,D001363,단일,D000476,,Glecaprevir와 Pibrentasvir의 혈장 농도가 유의하게 감소하여 이 약의 바이러스학적 반응 감소 가능
1295,복합,D001362,D001363,단일,D000595,,Glecaprevir와 Pibrentasvir의 혈장 농도가 유의하게 감소하여 이 약의 바이러스학적 반응 감소 가능
1296,복합,D001362,D001363,단일,D000314,,Glecaprevir와 Pibrentasvir의 혈장 농도가 유의하게 감소하여 이 약의 바이러스학적 반응 감소 가능
1297,복합,D001362,D001363,단일,D000447,,Glecaprevir와 Pibrentasvir의 혈장 농도가 유의하게 감소하여 이 약의 바이러스학적 반응 감소 가능
1298,단일,D001364,,단일,D000213,,"QT 연장, 심실성 빈맥, 심실세동 및 torsades de pointes 등 심독성위험 증가"
1299,단일,D001364,,복합,D000747,D000852,"맥각독성(혈관경련, 말단 및 기타조직 허혈 등) 위험 증가"
1300,단일,D001364,,단일,D000228,,"맥각독성(혈관경련, 말단 및 기타조직 허혈 등) 위험 증가"
1301,복합,D001365,D001366,단일,D000314,,Netupitant의 혈중농도 감소
1302,단일,D001367,,단일,D000150,,위장 pH의 증가로 atazanavir의 흡수가 저하되어 atazanavir의 치료효과 감소
1303,단일,D001367,,단일,D000225,,위장 pH의 증가로 rilpivirine의 흡수가 저하되어 rilpivirine의 치료효과 감소
1304,단일,D001367,,복합,D000225,D000986,위장 pH의 증가로 rilpivirine의 흡수가 저하되어 rilpivirine의 치료효과 감소
1305,단일,D000113,,단일,D000170,,QT간격 연장 위험 증가
1306,단일,D000417,,단일,D000259,,"심실성 부정맥, 서맥, 심장 전도장애를 포함한 심장 부정맥 위험성 증가"
1307,단일,D001558,,단일,D000467,,메플로퀸은 발프로산의 대사를 증가시키며 경련 효과를 가지고 있으므로 병용투여 시 간질성 발작이 일어날 수 있음
1308,단일,D001559,,단일,D001456,,"신장 손상 악화, 저칼슘혈증이 일어날 수 있음"
1309,단일,D001560,,단일,D000397,,아연 흡수를 저해하거나 배출을 증가시킴
1310,단일,D001561,,단일,D001261,,출혈 위험 증가
1311,단일,D001561,,단일,D001347,,출혈 위험 증가
1312,단일,D001407,,단일,D000481,,"중등도 이상의 눈부심, 홍채염 등의 안염증이 유발될 우려가 있음"
1313,단일,D001407,,복합,D000481,D000684,"중등도 이상의 눈부심, 홍채염 등의 안염증이 유발될 우려가 있음"
1314,복합,D001419,D000665,단일,D000028,,양쪽 약물 모두 혈장농도 상승 가능
1315,복합,D001419,D001420,단일,D000028,,양쪽 약물 모두 혈장농도 상승 가능
1316,복합,D001419,D000665,단일,D000615,,"라미부딘이 엠트리시타빈의 세포내 인산화를 저해할 수도 있음, 동일한 역전사효소 유전자(M184V) 변이를 통해 바이러스 내성 기전이 일어나므로 병용 시 치료 효과가 제한적일 수 있음"
1317,복합,D001419,D001420,단일,D000615,,"라미부딘이 엠트리시타빈의 세포내 인산화를 저해할 수도 있음, 동일한 역전사효소 유전자(M184V) 변이를 통해 바이러스 내성 기전이 일어나므로 병용 시 치료 효과가 제한적일 수 있음"
1318,단일,D001562,,단일,D000762,,라놀라진의 혈장 농도 증가
1319,복합,D001563,D000615,단일,D000028,,뉴클레오시드 유사체 단독투여 또는 다른 항레트로바이러스제를 병용투여했을 때 치명적인 사례를 포함한 유산산증과 지방증을 동반한 중증 간비대가 보고됨
1320,복합,D001563,D001564,단일,D000028,,뉴클레오시드 유사체 단독투여 또는 다른 항레트로바이러스제를 병용투여했을 때 치명적인 사례를 포함한 유산산증과 지방증을 동반한 중증 간비대가 보고됨
1321,복합,D001171,D001172,단일,D000150,,그라조프레비르의 혈장 농도가 유의하게 증가하여 ALT 상승 위험 증가 가능
1322,복합,D001419,D000665,복합,D000615,D000654,"라미부딘이 엠트리시타빈의 세포내 인산화를 저해할 수도 있음, 동일한 역전사효소 유전자(M184V) 변이를 통해 바이러스 내성 기전이 일어나므로 병용 시 치료 효과가 제한적일 수 있음"
1323,복합,D001419,D001420,복합,D000615,D000654,"라미부딘이 엠트리시타빈의 세포내 인산화를 저해할 수도 있음, 동일한 역전사효소 유전자(M184V) 변이를 통해 바이러스 내성 기전이 일어나므로 병용 시 치료 효과가 제한적일 수 있음"
1324,복합,D001419,D000665,복합,D000615,D000986,"라미부딘이 엠트리시타빈의 세포내 인산화를 저해할 수도 있음, 동일한 역전사효소 유전자(M184V) 변이를 통해 바이러스 내성 기전이 일어나므로 병용 시 치료 효과가 제한적일 수 있음"
1325,복합,D001419,D001420,복합,D000615,D000986,"라미부딘이 엠트리시타빈의 세포내 인산화를 저해할 수도 있음, 동일한 역전사효소 유전자(M184V) 변이를 통해 바이러스 내성 기전이 일어나므로 병용 시 치료 효과가 제한적일 수 있음"
1326,복합,D001419,D000665,복합,D000615,D000172,"라미부딘이 엠트리시타빈의 세포내 인산화를 저해할 수도 있음, 동일한 역전사효소 유전자(M184V) 변이를 통해 바이러스 내성 기전이 일어나므로, 병용 시 치료 효과가 제한적일 수 있음"
1327,복합,D001419,D001420,복합,D000615,D000172,"라미부딘이 엠트리시타빈의 세포내 인산화를 저해할 수도 있음, 동일한 역전사효소 유전자(M184V) 변이를 통해 바이러스 내성 기전이 일어나므로, 병용 시 치료 효과가 제한적일 수 있음"
1328,단일,D000113,,단일,D000781,,QT간격 연장 위험 증가
1329,복합,D000718,D000600,단일,D000831,,기능적 신부전에 의해 유산 산성증 촉진
1330,복합,D000718,D000109,단일,D000165,,기능적 신부전에 의해 유산 산성증 촉진
1331,복합,D000718,D000002,단일,D000669,,기능적 신부전에 의해 유산 산성증 촉진
1332,복합,D000718,D000244,단일,D000831,,기능적 신부전에 의해 유산 산성증 촉진
1333,복합,D000718,D000244,단일,D000832,,기능적 신부전에 의해 유산 산성증 촉진
1334,단일,D000592,,단일,D000712,,"진정작용의 연장 또는 증가, 호흡 저하"
1335,단일,D000592,,복합,D000712,D000626,"진정작용의 연장 또는 증가, 호흡 저하"
1336,단일,D000161,,단일,D000447,,이리노테칸 활성 대사물(SN-38)의 혈중 농도가 저하되어 작용 감소
1337,단일,D000139,,단일,D001035,,"고혈압 위기의 위험 증가, 투여중지 후 MAO 억제제인 다른 약물을 투여하기까지 적어도 14일 이상 사이를 두어야 함"
1338,복합,D000455,D000152,단일,D000334,,"근육통, 근육약화, 근염, 때때로 횡문근 변성을 포함한 근육독성 촉진 가능"
1339,복합,D000455,D000152,단일,D000762,,"근육병증, 횡문근융해증, 간효소 이상 발생 위험 증가"
1340,복합,D000455,D000350,단일,D000769,,근질환 위험 증가
1341,복합,D000455,D000350,단일,D000405,,횡문근융해증 발생 가능
1342,단일,D000306,,단일,D000619,,"횡문근융해증, 근무력증, 동통 발생 가능"
1343,단일,D000419,,단일,D000619,,"근육병증, 횡문근융해 위험 증가 가능"
1344,단일,D000419,,복합,D000673,D000150,횡문근 융해를 포함한 근육병과 같은 중대한 반응 가능
1345,복합,D000455,D000152,단일,D000769,,근질환 위험 증가
1346,복합,D000455,D000152,단일,D000405,,횡문근융해증 발생 가능
1347,복합,D000455,D000152,복합,D001362,D001363,횡문근융해증을 포함한 근육병증 위험 가능
1348,복합,D000455,D000350,단일,D000762,,"근육병증, 횡문근융해증, 간효소 이상 발생 위험 증가"
1349,복합,D000455,D000350,단일,D000334,,"근육통, 근육약화, 근염, 때때로 횡문근 변성을 포함한 근육독성 촉진 가능"
1350,단일,D000419,,복합,D000673,D000395,근육병증과 같은 이상사례 초래 가능
1351,단일,D000518,,단일,D000619,,신기능 악화를 수반하는 횡문근융해증 발현 가능
1352,복합,D000518,D000350,단일,D000334,,신기능 악화를 수반하는 횡문근융해증 발현 가능
1353,복합,D000518,D000350,단일,D000619,,횡문근융해증을 포함한 근육 관련 이상반응 보고
1354,복합,D000455,D000350,복합,D001362,D001363,횡문근융해증을 포함한 근육병증 위험 가능
1355,복합,D000455,D000046,단일,D000334,,"근육병증, 횡문근융해 위험 증가 가능"
1356,복합,D000455,D000046,단일,D000762,,"근육병증, 횡문근융해 위험 증가 가능"
1357,복합,D000455,D000046,단일,D000769,,"근육병증, 횡문근융해 위험 증가 가능"
1358,복합,D000455,D000046,단일,D000405,,"근육병증, 횡문근융해 위험 증가 가능"
1359,복합,D000455,D000046,복합,D001362,D001363,횡문근융해증을 포함한 근육병증 위험 가능
1360,복합,D000518,D000011,단일,D000334,,"근육통, 근육약화, 근염, 때때로 횡문근 변성을 포함한 근육독성 촉진 가능"
1361,복합,D000518,D000011,단일,D000619,,"횡문근융해증, 근무력증, 동통 발생 가능"
1362,단일,D000305,,단일,D000619,,"횡문근융해증, 근무력증, 동통 발생 가"
1363,단일,D000219,,단일,D000619,,횡문근융해증을 포함한 근육 관련 이상반응 보고
1364,복합,D000455,D000624,단일,D000619,,횡문근융해와 같은 중증의 근육이상 보고
1365,복합,D000455,D000624,단일,D000334,,"근육병증, 횡문근융해 위험 증가 가능"
1366,복합,D000455,D000624,단일,D000762,,"근육병증, 횡문근융해 위험 증가 가능"
1367,복합,D000455,D000624,단일,D000405,,"근육병증, 횡문근융해 위험 증가 가능"
1368,복합,D000455,D000624,복합,D001362,D001363,횡문근융해증을 포함한 근육병증 위험 가능
1369,복합,D000455,D000718,단일,D000619,,횡문근융해와 같은 중증의 근육이상 보고
1370,복합,D000219,D000273,단일,D000334,,"근육통, 근육약화, 근염, 때때로 횡문근 변성을 포함한 근육독성 촉진 가능"
1371,복합,D000219,D000273,단일,D000619,,횡문근융해증을 포함한 근육 관련 이상반응 보고
1372,복합,D000219,D000273,복합,D001072,D001071,횡문근융해증을 포함한 근육병증 위험 증가 가능
1373,복합,D000455,D000718,단일,D000334,,"근육병증, 횡문근융해 위험 증가 가능"
1374,복합,D000455,D000718,단일,D000762,,"근육병증, 횡문근융해 위험 증가 가능"
1375,복합,D000455,D000718,단일,D000769,,"근육병증, 횡문근융해 위험 증가 가능"
1376,복합,D000455,D000718,단일,D000405,,"근육병증, 횡문근융해 위험 증가 가능"
1377,복합,D000455,D000718,복합,D001362,D001363,횡문근융해증을 포함한 근육병증 위험 가능
1378,복합,D000219,D000350,단일,D000334,,"근육통, 근육약화, 근염, 때때로 횡문근 변성을 포함한 근육독성 촉진 가능"
1379,복합,D000219,D000350,단일,D000619,,횡문근융해증을 포함한 근육 관련 이상반응 보
1380,복합,D000219,D000350,복합,D001072,D001071,횡문근융해증을 포함한 근육병증 위험 증가 가능
1381,복합,D000455,D001688,단일,D000619,,횡문근융해와 같은 중증의 근육이상 보고
1382,복합,D000455,D001688,단일,D000334,,"근육병증, 횡문근융해 위험 증가 가능"
1383,복합,D000455,D001688,단일,D000762,,"근육병증, 횡문근융해 위험 증가 가능"
1384,복합,D000455,D001688,단일,D000769,,"근육병증, 횡문근융해 위험 증가 가능"
1385,복합,D000455,D001688,단일,D000405,,"근육병증, 횡문근융해 위험 증가 가능"
1386,복합,D000455,D001688,복합,D001362,D001363,횡문근융해증을 포함한 근육병증 위험 가능
1387,복합,D000219,D000624,단일,D000334,,"근육통, 근육약화, 근염, 때때로 횡문근 변성을 포함한 근육독성 촉진 가능"
1388,복합,D000219,D000624,단일,D000619,,횡문근융해증을 포함한 근육 관련 이상반응 보고
1389,복합,D000219,D000624,복합,D001072,D001071,횡문근융해증을 포함한 근육병증 위험 증가 가능
1390,복합,D000455,D000273,단일,D000619,,횡문근융해와 같은 중증의 근육이상 보고
1391,복합,D000455,D000273,단일,D000334,,"근육병증, 횡문근융해 위험 증가 능"
1392,복합,D000455,D000273,단일,D000762,,"근육병증, 횡문근융해 위험 증가 가능"
1393,복합,D000455,D000273,단일,D000769,,"근육병증, 횡문근융해 위험 증가 가능"
1394,복합,D000219,D000670,단일,D000334,,"근육통, 근육약화, 근염, 때때로 횡문근 변성을 포함한 근육독성 촉진 가능"
1395,복합,D000219,D000670,단일,D000619,,횡문근융해증을 포함한 근육 관련 이상반응 보고
1396,복합,D000219,D000670,복합,D001072,D001071,횡문근융해증을 포함한 근육병증 위험 증가 가능
1397,복합,D000455,D000273,복합,D001362,D001363,횡문근융해증을 포함한 근육병증 위험 가능
1398,복합,D000455,D000011,단일,D000619,,횡문근융해와 같은 중증의 근육이상 보고
1399,복합,D000455,D000011,단일,D000334,,"근육병증, 횡문근융해 위험 증가 가능"
1400,복합,D000455,D000011,단일,D000762,,"근육병증, 횡문근융해 위험 증가 가능"
1401,복합,D000219,D000718,단일,D000619,,횡문근융해증을 포함한 근육 관련 이상반응 보고
1402,복합,D000219,D000785,단일,D000334,,"근육통, 근육약화, 근염, 때때로 횡문근 변성을 포함한 근육독성 촉진 가능"
1403,복합,D000219,D000785,단일,D000619,,횡문근융해증을 포함한 근육 관련 이상반응 보고
1404,복합,D000455,D000011,단일,D000769,,"근육병증, 횡문근융해 위험 증가 가능"
1405,복합,D000455,D000011,단일,D000405,,"근육병증, 횡문근융해 위험 증가 가능"
1406,복합,D000455,D000011,복합,D001362,D001363,횡문근융해증을 포함한 근육병증 위험 가능
1407,복합,D000518,D000686,단일,D000334,,신기능 악화를 수반하는 횡문근융해증 발현 가능
1408,복합,D000219,D000785,복합,D001072,D001071,횡문근융해증을 포함한 근육병증 위험 증가 가능
1409,복합,D000219,D000972,단일,D000619,,횡문근융해증을 포함한 근육 관련 이상반응 보고
1410,복합,D000219,D000972,복합,D001072,D001071,횡문근융해증을 포함한 근육병증 위험 증가 가능
1411,복합,D000219,D001688,단일,D000334,,"근육통, 근육약화, 근염, 때때로 횡문근 변성을 포함한 근육독성 촉진 가능"
1412,복합,D000518,D000686,단일,D000619,,"횡문근융해증, 근무력증, 동통 발생 가능"
1413,복합,D000305,D000686,단일,D000619,,횡문근융해증을 포함한 근육 관련 이상반응 보고
1414,복합,D000219,D000152,단일,D000334,,"근육통, 근육약화, 근염, 때때로 횡문근 변성을 포함한 근육독성 촉진 가능"
1415,복합,D000219,D000152,복합,D001072,D001071,횡문근융해증을 포함한 근육병증 위험 증가 가능
1416,복합,D000219,D000718,단일,D000334,,"근육통, 근육약화, 근염, 때때로 횡문근 변성을 포함한 근육독성 촉진 가능"
1417,복합,D000219,D000718,복합,D001072,D001071,횡문근융해증을 포함한 근육병증 위험 증가 가능
1418,복합,D000219,D001688,단일,D000619,,횡문근융해증을 포함한 근육 관련 이상반응 보고
1419,복합,D000219,D001688,복합,D001072,D001071,횡문근융해증을 포함한 근육병증 위험 증가 가능
1420,복합,D000219,D000485,단일,D000334,,"근육통, 근육약화, 근염, 때때로 횡문근 변성을 포함한 근육독성 촉진 가능"
1421,복합,D000219,D000972,단일,D000334,,"근육통, 근육약화, 근염, 때때로 횡문근 변성을 포함한 근육독성 촉진 가능"
1422,복합,D000219,D000485,단일,D000619,,"횡문근융해증, 근무력증, 동통 발생 가능"
1423,복합,D000219,D000485,복합,D001072,D001071,횡문근융해증을 포함한 근육병증 위험 증가 가능
1424,복합,D000219,D000011,단일,D000334,,"근육통, 근육약화, 근염, 때때로 횡문근 변성을 포함한 근육독성 촉진 가능"
1425,복합,D000219,D000011,단일,D000619,,횡문근융해증을 포함한 근육 관련 이상반응 보고
1426,복합,D000219,D000011,복합,D001072,D001071,횡문근융해증을 포함한 근육병증 위험 증가 가능
1427,단일,D000027,,복합,D000673,D000150,횡문근 융해를 포함한 근육병과 같은 중대한 반응 가능
1428,복합,D000219,D000152,단일,D000619,,횡문근융해증을 포함한 근육 관련 이상반응 보고
1429,단일,D000027,,복합,D000673,D000395,근육병증과 같은 이상사례 초래 가능
1430,복합,D000027,D000152,단일,D000405,,횡문근융해증 발생 가능
1431,복합,D000027,D000152,단일,D000712,,횡문근융해를 포함한 근육병증 위험 가능
1432,복합,D000027,D000350,단일,D000334,,"근육통, 근육약화, 근염, 때때로 횡문근 변성을 포함한 근육독성 촉진 가능"
1433,복합,D000027,D000350,복합,D000673,D000150,횡문근융해를 포함한 근육병증 위험 가능
1434,복합,D000027,D000350,복합,D000673,D000395,근병증의 위험 증가 가능
1435,복합,D000027,D000350,복합,D001362,D001363,근병증의 위험 증가 가능
1436,복합,D000219,D000220,단일,D000334,,"근육통, 근육약화, 근염, 때때로 횡문근 변성을 포함한 근육독성 촉진 가능"
1437,복합,D000219,D000220,단일,D000619,,횡문근융해증을 포함한 근육 관련 이상반응 보고
1438,복합,D000219,D000220,복합,D001072,D001071,횡문근융해증을 포함한 근육병증 위험 증가 가능
1439,복합,D000027,D000350,복합,D000673,D000561,횡문근융해를 포함한 근육병증 위험 가능
1440,복합,D000027,D000350,복합,D000673,D000665,횡문근융해를 포함한 근육병증 위험 가능
1441,복합,D000027,D000350,복합,D000673,D000281,횡문근융해를 포함한 근육병증 위험 가능
1442,복합,D000027,D000350,복합,D001650,D000712,횡문근융해증을 포함하는 근육병증 가능
1443,단일,D001723,,단일,D000246,,혈관확장작용 증가로 저혈압 효과 상승
1444,단일,D000181,,단일,D001723,,혈압강하작용 증가
1445,단일,D000569,,단일,D001723,,혈압강하작용 증가
1446,단일,D000434,,단일,D001723,,혈압강하작용 증가
1447,단일,D000128,,단일,D001723,,혈압강하작용 증가
1448,단일,D000737,,단일,D001723,,혈압강하작용 증가
1449,복합,D000027,D000152,단일,D000334,,"근병증, 횡문근융해 위험성 증가 가능"
1450,복합,D000027,D000152,단일,D000619,,근병증의 위험 증가 가능
1451,복합,D000027,D000152,단일,D000762,,근병증의 위험 증가 가능
1452,단일,D001724,,단일,D001725,,두 약제는 동일 계열
1453,단일,D000695,,복합,D000150,D000673,아타자나비르의 혈중농도 감소
1454,단일,D000153,,복합,D000150,D000673,아타자나비르의 혈중농도 감소
1455,복합,D000153,D000195,단일,D000150,,아타자나비르의 혈중농도 감소
1456,복합,D000027,D000152,단일,D000769,,근병증의 위험 증가 가능
1457,복합,D000027,D000152,단일,D000373,,횡문근융해증 보고
1458,복합,D000027,D000152,단일,D000150,,횡문근융해증을 비롯한 근육질한 위험성 증가 가능
1459,복합,D000027,D000152,단일,D000395,,횡문근융해를 포함한 근질환의 위험 가능
1460,복합,D000027,D000152,복합,D001362,D001363,근병증의 위험 증가 가능
1461,복합,D000027,D000152,복합,D000626,D000712,횡문근융해를 포함한 근육병증 위험 가능
1462,복합,D000153,D000195,복합,D000150,D000673,아타자나비르의 혈중농도 감소
1463,복합,D000153,D001511,단일,D000150,,아타자나비르의 혈중농도 감소
1464,복합,D000153,D001511,단일,D000225,,위장 pH의 증가로 릴피비린의 흡수가 저하되어 릴피비린의 치료효과 감소
1465,복합,D000027,D000152,복합,D000673,D000150,횡문근융해를 포함한 근육병증 위험 가능
1466,복합,D000027,D000152,복합,D000673,D000395,근병증의 위험 증가 가능
1467,복합,D000027,D000152,복합,D000673,D000561,횡문근융해를 포함한 근육병증 위험 가능
1468,복합,D000027,D000152,복합,D000673,D000665,횡문근융해를 포함한 근육병증 위험 가능
1469,복합,D000027,D000152,복합,D000673,D000281,횡문근융해를 포함한 근육병증 위험 가능
1470,복합,D000027,D000152,복합,D001650,D000712,횡문근융해증을 포함하는 근육병증 가능
1471,단일,D001722,,단일,D000246,,혈관확장작용 증가로 저혈압 효과 상승
1472,단일,D000181,,단일,D001722,,혈압강하작용 증가
1473,복합,D000153,D001514,단일,D000150,,아타자나비르의 혈중농도 감소
1474,복합,D000153,D001514,단일,D000225,,위장 pH의 증가로 릴피비린의 흡수가 저하되어 릴피비린의 치료효과 감소
1475,단일,D000168,,복합,D000150,D000673,아타자나비르의 혈중농도 감
1476,단일,D000569,,단일,D001722,,혈압강하작용 증가
1477,단일,D000434,,단일,D001722,,혈압강하작용 증가
1478,단일,D000128,,단일,D001722,,혈압강하작용 증가
1479,단일,D000737,,단일,D001722,,혈압강하작용 증가
1480,복합,D000153,D001511,복합,D000150,D000673,아타자나비르의 혈중농도 감소
1481,복합,D000153,D001148,단일,D000150,,아타자나비르의 혈중농도 감소
1482,단일,D000699,,복합,D000150,D000673,아타자나비르의 혈중농도 감소
1483,복합,D000699,D001511,단일,D000150,,아타자나비르의 혈중농도 감소
1484,복합,D000699,D001511,복합,D000150,D000673,아타자나비르의 혈중농도 감소
1485,복합,D000153,D001148,복합,D000150,D000673,아타자나비르의 혈중농도 감소
1486,복합,D000153,D001148,단일,D000225,,위장 pH의 증가로 릴피비린의 흡수가 저하되어 릴피비린의 치료효과 감소
1487,복합,D000153,D001514,복합,D000150,D000673,아타자나비르의 혈중농도 감소
1488,복합,D000699,D001511,단일,D000225,,위장 pH의 증가로 릴피비린의 흡수가 저하되어 릴피비린의 치료효과 감소
1489,단일,D000469,,복합,D000150,D000673,아타자나비르의 혈중농도 감소
1490,단일,D000386,,복합,D000150,D000673,아타자나비르의 혈중농도 감소
1491,단일,D000204,,복합,D000150,D000673,아타자나비르의 혈중농도 감소
1492,단일,D000751,,단일,D000150,,아타자나비르의 혈중농도 감소
1493,단일,D000751,,복합,D000150,D000673,아타자나비르의 혈중농도 감소
1494,복합,D000469,D001148,단일,D000150,,아타자나비르의 혈중농도 감소
1495,복합,D000469,D001148,복합,D000150,D000673,아타자나비르의 혈중농도 감소
1496,복합,D000204,D001148,단일,D000150,,아타자나비르의 혈중농도 감소
1497,복합,D000204,D001148,복합,D000150,D000673,아타자나비르의 혈중농도 감소
1498,복합,D000204,D001148,단일,D000225,,위장 pH의 증가로 릴피비린의 흡수가 저하되어 릴피비린의 치료효과 감소